<?xml version="1.0" encoding="UTF-8"?>
<Flow xmlns="http://soap.sforce.com/2006/04/metadata">
    <decisions>
        <processMetadataValues>
            <name>index</name>
            <value>
                <numberValue>0.0</numberValue>
            </value>
        </processMetadataValues>
        <name>myDecision</name>
        <label>myDecision</label>
        <locationX>50</locationX>
        <locationY>0</locationY>
        <defaultConnectorLabel>default</defaultConnectorLabel>
        <rules>
            <name>myRule_1</name>
            <conditionLogic>and</conditionLogic>
            <conditions>
                <leftValueReference>formula_myRule_1</leftValueReference>
                <operator>EqualTo</operator>
                <rightValue>
                    <booleanValue>true</booleanValue>
                </rightValue>
            </conditions>
            <connector>
                <targetReference>myRule_1_A1</targetReference>
            </connector>
            <label>Confidential</label>
        </rules>
    </decisions>
    <description>Client Referral confidential checkbox will be updated on the change of Referral Confidential checkbox</description>
    <formulas>
        <processMetadataValues>
            <name>originalFormula</name>
            <value>
                <stringValue> ISCHANGED([Referral__c].Confidential__c) </stringValue>
            </value>
        </processMetadataValues>
        <name>formula_myRule_1</name>
        <dataType>Boolean</dataType>
        <expression> ISCHANGED({!myVariable_current.Confidential__c})</expression>
    </formulas>
    <interviewLabel>Referral_Confidential-2_InterviewLabel</interviewLabel>
    <label>Referral Confidential</label>
    <processMetadataValues>
        <name>ObjectType</name>
        <value>
            <stringValue>Referral__c</stringValue>
        </value>
    </processMetadataValues>
    <processMetadataValues>
        <name>ObjectVariable</name>
        <value>
            <elementReference>myVariable_current</elementReference>
        </value>
    </processMetadataValues>
    <processMetadataValues>
        <name>OldObjectVariable</name>
        <value>
            <elementReference>myVariable_old</elementReference>
        </value>
    </processMetadataValues>
    <processMetadataValues>
        <name>TriggerType</name>
        <value>
            <stringValue>onAllChanges</stringValue>
        </value>
    </processMetadataValues>
    <processType>Workflow</processType>
    <recordUpdates>
        <processMetadataValues>
            <name>evaluationType</name>
            <value>
                <stringValue>always</stringValue>
            </value>
        </processMetadataValues>
        <processMetadataValues>
            <name>extraTypeInfo</name>
        </processMetadataValues>
        <processMetadataValues>
            <name>isChildRelationship</name>
            <value>
                <booleanValue>true</booleanValue>
            </value>
        </processMetadataValues>
        <processMetadataValues>
            <name>reference</name>
            <value>
                <stringValue>[Referral__c].Client_Referrals__r</stringValue>
            </value>
        </processMetadataValues>
        <processMetadataValues>
            <name>referenceTargetField</name>
        </processMetadataValues>
        <name>myRule_1_A1</name>
        <label>Client Referral Confidential</label>
        <locationX>100</locationX>
        <locationY>200</locationY>
        <filters>
            <processMetadataValues>
                <name>implicit</name>
                <value>
                    <booleanValue>true</booleanValue>
                </value>
            </processMetadataValues>
            <field>Referral__c</field>
            <operator>EqualTo</operator>
            <value>
                <elementReference>myVariable_current.Id</elementReference>
            </value>
        </filters>
        <inputAssignments>
            <processMetadataValues>
                <name>dataType</name>
                <value>
                    <stringValue>Boolean</stringValue>
                </value>
            </processMetadataValues>
            <processMetadataValues>
                <name>isRequired</name>
                <value>
                    <booleanValue>false</booleanValue>
                </value>
            </processMetadataValues>
            <processMetadataValues>
                <name>leftHandSideLabel</name>
                <value>
                    <stringValue>Confidential</stringValue>
                </value>
            </processMetadataValues>
            <processMetadataValues>
                <name>leftHandSideReferenceTo</name>
                <value>
                    <stringValue></stringValue>
                </value>
            </processMetadataValues>
            <processMetadataValues>
                <name>rightHandSideType</name>
                <value>
                    <stringValue>Reference</stringValue>
                </value>
            </processMetadataValues>
            <field>Confidential__c</field>
            <value>
                <elementReference>myVariable_current.Confidential__c</elementReference>
            </value>
        </inputAssignments>
        <object>Client_Referral__c</object>
    </recordUpdates>
    <startElementReference>myDecision</startElementReference>
    <status>Active</status>
    <variables>
        <name>myVariable_current</name>
        <dataType>SObject</dataType>
        <isCollection>false</isCollection>
        <isInput>true</isInput>
        <isOutput>true</isOutput>
        <objectType>Referral__c</objectType>
    </variables>
    <variables>
        <name>myVariable_old</name>
        <dataType>SObject</dataType>
        <isCollection>false</isCollection>
        <isInput>true</isInput>
        <isOutput>false</isOutput>
        <objectType>Referral__c</objectType>
    </variables>
</Flow>
