<?xml version="1.0" encoding="UTF-8"?>
<Flow xmlns="http://soap.sforce.com/2006/04/metadata">
    <decisions>
        <processMetadataValues>
            <name>index</name>
            <value>
                <numberValue>0.0</numberValue>
            </value>
        </processMetadataValues>
        <name>myDecision</name>
        <label>myDecision</label>
        <locationX>50</locationX>
        <locationY>0</locationY>
        <defaultConnectorLabel>default</defaultConnectorLabel>
        <rules>
            <name>myRule_1</name>
            <conditionLogic>and</conditionLogic>
            <conditions>
                <leftValueReference>formula_myRule_1</leftValueReference>
                <operator>EqualTo</operator>
                <rightValue>
                    <booleanValue>true</booleanValue>
                </rightValue>
            </conditions>
            <connector>
                <targetReference>myRule_1_A1</targetReference>
            </connector>
            <label>Service End Date</label>
        </rules>
    </decisions>
    <description>If End date in service then update end date in SP Service object End date</description>
    <formulas>
        <processMetadataValues>
            <name>originalFormula</name>
            <value>
                <stringValue> [Service__c].End_Date__c &lt; PRIORVALUE( [Service__c].End_Date__c)</stringValue>
            </value>
        </processMetadataValues>
        <name>formula_myRule_1</name>
        <dataType>Boolean</dataType>
        <expression> {!myVariable_current.End_Date__c} &lt; PRIORVALUE( {!myVariable_current.End_Date__c})</expression>
    </formulas>
    <interviewLabel>SP_Service_End_Date-1_InterviewLabel</interviewLabel>
    <label>SP Service End Date</label>
    <processMetadataValues>
        <name>ObjectType</name>
        <value>
            <stringValue>Service__c</stringValue>
        </value>
    </processMetadataValues>
    <processMetadataValues>
        <name>ObjectVariable</name>
        <value>
            <elementReference>myVariable_current</elementReference>
        </value>
    </processMetadataValues>
    <processMetadataValues>
        <name>OldObjectVariable</name>
        <value>
            <elementReference>myVariable_old</elementReference>
        </value>
    </processMetadataValues>
    <processMetadataValues>
        <name>TriggerType</name>
        <value>
            <stringValue>onAllChanges</stringValue>
        </value>
    </processMetadataValues>
    <processType>Workflow</processType>
    <recordUpdates>
        <processMetadataValues>
            <name>evaluationType</name>
            <value>
                <stringValue>criteria</stringValue>
            </value>
        </processMetadataValues>
        <processMetadataValues>
            <name>extraTypeInfo</name>
        </processMetadataValues>
        <processMetadataValues>
            <name>isChildRelationship</name>
            <value>
                <booleanValue>true</booleanValue>
            </value>
        </processMetadataValues>
        <processMetadataValues>
            <name>reference</name>
            <value>
                <stringValue>[Service__c].SP_Services__r</stringValue>
            </value>
        </processMetadataValues>
        <processMetadataValues>
            <name>referenceTargetField</name>
        </processMetadataValues>
        <name>myRule_1_A1</name>
        <label>SP Service End Date</label>
        <locationX>100</locationX>
        <locationY>200</locationY>
        <filters>
            <processMetadataValues>
                <name>implicit</name>
                <value>
                    <booleanValue>true</booleanValue>
                </value>
            </processMetadataValues>
            <field>Service__c</field>
            <operator>EqualTo</operator>
            <value>
                <elementReference>myVariable_current.Id</elementReference>
            </value>
        </filters>
        <filters>
            <processMetadataValues>
                <name>implicit</name>
                <value>
                    <booleanValue>false</booleanValue>
                </value>
            </processMetadataValues>
            <processMetadataValues>
                <name>inputDataType</name>
                <value>
                    <stringValue>Date</stringValue>
                </value>
            </processMetadataValues>
            <processMetadataValues>
                <name>leftHandSideLabel</name>
                <value>
                    <stringValue>End Date</stringValue>
                </value>
            </processMetadataValues>
            <processMetadataValues>
                <name>leftHandSideReferenceTo</name>
                <value>
                    <stringValue></stringValue>
                </value>
            </processMetadataValues>
            <processMetadataValues>
                <name>leftHandSideType</name>
                <value>
                    <stringValue>Date</stringValue>
                </value>
            </processMetadataValues>
            <processMetadataValues>
                <name>operatorDataType</name>
                <value>
                    <stringValue>Date</stringValue>
                </value>
            </processMetadataValues>
            <processMetadataValues>
                <name>rightHandSideType</name>
                <value>
                    <stringValue>Reference</stringValue>
                </value>
            </processMetadataValues>
            <field>End_Date__c</field>
            <operator>GreaterThan</operator>
            <value>
                <elementReference>myVariable_current.End_Date__c</elementReference>
            </value>
        </filters>
        <inputAssignments>
            <processMetadataValues>
                <name>dataType</name>
                <value>
                    <stringValue>Date</stringValue>
                </value>
            </processMetadataValues>
            <processMetadataValues>
                <name>isRequired</name>
                <value>
                    <booleanValue>false</booleanValue>
                </value>
            </processMetadataValues>
            <processMetadataValues>
                <name>leftHandSideLabel</name>
                <value>
                    <stringValue>End Date</stringValue>
                </value>
            </processMetadataValues>
            <processMetadataValues>
                <name>leftHandSideReferenceTo</name>
                <value>
                    <stringValue></stringValue>
                </value>
            </processMetadataValues>
            <processMetadataValues>
                <name>rightHandSideType</name>
                <value>
                    <stringValue>Reference</stringValue>
                </value>
            </processMetadataValues>
            <field>End_Date__c</field>
            <value>
                <elementReference>myVariable_current.End_Date__c</elementReference>
            </value>
        </inputAssignments>
        <object>SP_Service__c</object>
    </recordUpdates>
    <startElementReference>myDecision</startElementReference>
    <status>Active</status>
    <variables>
        <name>myVariable_current</name>
        <dataType>SObject</dataType>
        <isCollection>false</isCollection>
        <isInput>true</isInput>
        <isOutput>true</isOutput>
        <objectType>Service__c</objectType>
    </variables>
    <variables>
        <name>myVariable_old</name>
        <dataType>SObject</dataType>
        <isCollection>false</isCollection>
        <isInput>true</isInput>
        <isOutput>false</isOutput>
        <objectType>Service__c</objectType>
    </variables>
</Flow>
