<?xml version="1.0" encoding="UTF-8"?>
<GlobalValueSet xmlns="http://soap.sforce.com/2006/04/metadata">
    <customValue>
        <fullName>Billing</fullName>
        <default>false</default>
        <label>Billing</label>
    </customValue>
    <customValue>
        <fullName>Headquarter</fullName>
        <default>false</default>
        <label>Headquarter</label>
    </customValue>
    <customValue>
        <fullName>Local</fullName>
        <default>false</default>
        <label>Local</label>
    </customValue>
    <customValue>
        <fullName>Other</fullName>
        <default>false</default>
        <label>Other</label>
    </customValue>
    <masterLabel>Address Type SP</masterLabel>
    <sorted>false</sorted>
</GlobalValueSet>
