<?xml version="1.0" encoding="UTF-8"?>
<GlobalValueSet xmlns="http://soap.sforce.com/2006/04/metadata">
    <customValue>
        <fullName>1</fullName>
        <default>false</default>
        <label>District 1</label>
    </customValue>
    <customValue>
        <fullName>2</fullName>
        <default>false</default>
        <label>District 2</label>
    </customValue>
    <customValue>
        <fullName>3</fullName>
        <default>false</default>
        <label>District 3</label>
    </customValue>
    <customValue>
        <fullName>4</fullName>
        <default>false</default>
        <label>District 4</label>
    </customValue>
    <customValue>
        <fullName>5</fullName>
        <default>false</default>
        <label>District 5</label>
    </customValue>
    <customValue>
        <fullName>6</fullName>
        <default>false</default>
        <label>District 6</label>
    </customValue>
    <customValue>
        <fullName>7</fullName>
        <default>false</default>
        <label>District 7</label>
    </customValue>
    <customValue>
        <fullName>8</fullName>
        <default>false</default>
        <label>District 8</label>
    </customValue>
    <customValue>
        <fullName>9</fullName>
        <default>false</default>
        <label>District 9</label>
    </customValue>
    <masterLabel>City Council Districts</masterLabel>
    <sorted>false</sorted>
</GlobalValueSet>
