<?xml version="1.0" encoding="UTF-8"?>
<GlobalValueSet xmlns="http://soap.sforce.com/2006/04/metadata">
    <customValue>
        <fullName>Access to Community Resources</fullName>
        <default>false</default>
        <label>Access to Community Resources</label>
    </customValue>
    <customValue>
        <fullName>Child Care</fullName>
        <default>false</default>
        <label>Child Care</label>
    </customValue>
    <customValue>
        <fullName>Child Development</fullName>
        <default>false</default>
        <label>Child Development</label>
    </customValue>
    <customValue>
        <fullName>Drug and Alcohol</fullName>
        <default>false</default>
        <label>Drug and Alcohol</label>
    </customValue>
    <customValue>
        <fullName>Education</fullName>
        <default>false</default>
        <label>Education</label>
    </customValue>
    <customValue>
        <fullName>Employment and Training</fullName>
        <default>false</default>
        <label>Employment and Training</label>
    </customValue>
    <customValue>
        <fullName>Financial</fullName>
        <default>false</default>
        <label>Financial</label>
    </customValue>
    <customValue>
        <fullName>Food</fullName>
        <default>false</default>
        <label>Food</label>
    </customValue>
    <customValue>
        <fullName>Medical</fullName>
        <default>false</default>
        <label>Medical</label>
    </customValue>
    <customValue>
        <fullName>Housing</fullName>
        <default>false</default>
        <label>Housing</label>
    </customValue>
    <customValue>
        <fullName>Legal</fullName>
        <default>false</default>
        <label>Legal</label>
    </customValue>
    <customValue>
        <fullName>Mental Health</fullName>
        <default>false</default>
        <label>Mental Health</label>
    </customValue>
    <customValue>
        <fullName>Parenting</fullName>
        <default>false</default>
        <label>Parenting</label>
    </customValue>
    <customValue>
        <fullName>Peer Support</fullName>
        <default>false</default>
        <label>Peer Support</label>
    </customValue>
    <customValue>
        <fullName>Transportation</fullName>
        <default>false</default>
        <label>Transportation</label>
    </customValue>
    <customValue>
        <fullName>Utilities</fullName>
        <default>false</default>
        <label>Utilities</label>
    </customValue>
    <masterLabel>Concerns</masterLabel>
    <sorted>false</sorted>
</GlobalValueSet>
