<?xml version="1.0" encoding="UTF-8"?>
<GlobalValueSet xmlns="http://soap.sforce.com/2006/04/metadata">
    <customValue>
        <fullName>1</fullName>
        <default>false</default>
        <label>Downtown Pittsburgh - Bluff - Duquesne University</label>
    </customValue>
    <customValue>
        <fullName>3</fullName>
        <default>false</default>
        <label>Lower Hill District</label>
    </customValue>
    <customValue>
        <fullName>4</fullName>
        <default>false</default>
        <label>Oakland - Soho</label>
    </customValue>
    <customValue>
        <fullName>5</fullName>
        <default>false</default>
        <label>Upper Hill District</label>
    </customValue>
    <customValue>
        <fullName>6</fullName>
        <default>false</default>
        <label>Strip District - Polish Hill</label>
    </customValue>
    <customValue>
        <fullName>7</fullName>
        <default>false</default>
        <label>Shadyside</label>
    </customValue>
    <customValue>
        <fullName>8</fullName>
        <default>false</default>
        <label>Bloomfield</label>
    </customValue>
    <customValue>
        <fullName>9</fullName>
        <default>false</default>
        <label>Lawrenceville</label>
    </customValue>
    <customValue>
        <fullName>10</fullName>
        <default>false</default>
        <label>Morningside - Garfield</label>
    </customValue>
    <customValue>
        <fullName>11</fullName>
        <default>false</default>
        <label>East End - Mall Area - Highland Park Area</label>
    </customValue>
    <customValue>
        <fullName>12</fullName>
        <default>false</default>
        <label>East Liberty</label>
    </customValue>
    <customValue>
        <fullName>13</fullName>
        <default>false</default>
        <label>Homewood</label>
    </customValue>
    <customValue>
        <fullName>14</fullName>
        <default>false</default>
        <label>Squirrel Hill - Point Breeze - Frick Park</label>
    </customValue>
    <customValue>
        <fullName>15</fullName>
        <default>false</default>
        <label>Hazelwood - Greenfield</label>
    </customValue>
    <customValue>
        <fullName>18</fullName>
        <default>false</default>
        <label>Allentown - Beltzhoover</label>
    </customValue>
    <customValue>
        <fullName>19</fullName>
        <default>false</default>
        <label>Brookline - Mt. Washington - Beechview</label>
    </customValue>
    <customValue>
        <fullName>20</fullName>
        <default>false</default>
        <label>West End - Corliss</label>
    </customValue>
    <customValue>
        <fullName>21</fullName>
        <default>false</default>
        <label>Manchester</label>
    </customValue>
    <customValue>
        <fullName>22</fullName>
        <default>false</default>
        <label>Stadium - Allegheny Center - North Side Proper</label>
    </customValue>
    <customValue>
        <fullName>23</fullName>
        <default>false</default>
        <label>Latimer Jr. High School - H. J. Heinz Co. Area</label>
    </customValue>
    <customValue>
        <fullName>24</fullName>
        <default>false</default>
        <label>Troy Hill - Spring Garden</label>
    </customValue>
    <customValue>
        <fullName>26</fullName>
        <default>false</default>
        <label>Perrysville - Riverview</label>
    </customValue>
    <customValue>
        <fullName>27</fullName>
        <default>false</default>
        <label>Woods Run - Brighton Road</label>
    </customValue>
    <customValue>
        <fullName>28</fullName>
        <default>false</default>
        <label>Chartiers - Crafton Hts. - Westwood - Esplen</label>
    </customValue>
    <customValue>
        <fullName>29</fullName>
        <default>false</default>
        <label>Carrick</label>
    </customValue>
    <customValue>
        <fullName>30</fullName>
        <default>false</default>
        <label>Knoxville</label>
    </customValue>
    <customValue>
        <fullName>31</fullName>
        <default>false</default>
        <label>Hays - Lincoln Place</label>
    </customValue>
    <customValue>
        <fullName>32</fullName>
        <default>false</default>
        <label>Overbrook</label>
    </customValue>
    <masterLabel>County Council Districts</masterLabel>
    <sorted>false</sorted>
</GlobalValueSet>
