<?xml version="1.0" encoding="UTF-8"?>
<GlobalValueSet xmlns="http://soap.sforce.com/2006/04/metadata">
    <customValue>
        <fullName>Office of Children</fullName>
        <default>false</default>
        <label>Office of Children</label>
    </customValue>
    <customValue>
        <fullName>Youth and Families</fullName>
        <default>false</default>
        <label>Youth and Families</label>
    </customValue>
    <customValue>
        <fullName>Area Agency on Aging</fullName>
        <default>false</default>
        <label>Area Agency on Aging</label>
    </customValue>
    <customValue>
        <fullName>Office of Community Services</fullName>
        <default>false</default>
        <label>Office of Community Services</label>
    </customValue>
    <customValue>
        <fullName>Office of Behavioral Health</fullName>
        <default>false</default>
        <label>Office of Behavioral Health</label>
    </customValue>
    <customValue>
        <fullName>Office of Developmental Supports</fullName>
        <default>false</default>
        <label>Office of Developmental Supports</label>
    </customValue>
    <masterLabel>DHS office</masterLabel>
    <sorted>false</sorted>
</GlobalValueSet>
