<?xml version="1.0" encoding="UTF-8"?>
<GlobalValueSet xmlns="http://soap.sforce.com/2006/04/metadata">
    <customValue>
        <fullName>Referral</fullName>
        <default>false</default>
        <label>Referral</label>
    </customValue>
    <customValue>
        <fullName>Intake</fullName>
        <default>false</default>
        <label>Intake</label>
    </customValue>
    <customValue>
        <fullName>Services</fullName>
        <default>false</default>
        <label>Services</label>
    </customValue>
    <customValue>
        <fullName>Assessment</fullName>
        <default>false</default>
        <label>Assessment</label>
    </customValue>
    <customValue>
        <fullName>Service Planning</fullName>
        <default>false</default>
        <label>Service Planning</label>
    </customValue>
    <customValue>
        <fullName>Discharge</fullName>
        <default>false</default>
        <label>Discharge</label>
    </customValue>
    <masterLabel>Modules</masterLabel>
    <sorted>false</sorted>
</GlobalValueSet>
