<?xml version="1.0" encoding="UTF-8"?>
<GlobalValueSet xmlns="http://soap.sforce.com/2006/04/metadata">
    <customValue>
        <fullName>Eastern Shawnee Tribe of Oklahoma</fullName>
        <default>false</default>
        <label>Eastern Shawnee Tribe of Oklahoma</label>
    </customValue>
    <customValue>
        <fullName>Egegik Village</fullName>
        <default>false</default>
        <label>Egegik Village</label>
    </customValue>
    <customValue>
        <fullName>Eklutna Native Village</fullName>
        <default>false</default>
        <label>Eklutna Native Village</label>
    </customValue>
    <customValue>
        <fullName>Ekwok Village</fullName>
        <default>false</default>
        <label>Ekwok Village</label>
    </customValue>
    <customValue>
        <fullName>Elem Indian Colony of Pomo Indians of the Sulphur Bank Rancheria, California</fullName>
        <default>false</default>
        <label>Elem Indian Colony of Pomo Indians of the Sulphur Bank Rancheria, California</label>
    </customValue>
    <customValue>
        <fullName>Elk Valley Rancheria, California</fullName>
        <default>false</default>
        <label>Elk Valley Rancheria, California</label>
    </customValue>
    <customValue>
        <fullName>Ely Shoshone Tribe of Nevada</fullName>
        <default>false</default>
        <label>Ely Shoshone Tribe of Nevada</label>
    </customValue>
    <customValue>
        <fullName>Emmonak Village</fullName>
        <default>false</default>
        <label>Emmonak Village</label>
    </customValue>
    <customValue>
        <fullName>Enterprise Rancheria of Maidu Indians of California</fullName>
        <default>false</default>
        <label>Enterprise Rancheria of Maidu Indians of California</label>
    </customValue>
    <customValue>
        <fullName>Evansville Village (aka Bettles Field)</fullName>
        <default>false</default>
        <label>Evansville Village (aka Bettles Field)</label>
    </customValue>
    <customValue>
        <fullName>Ewiiaapaayp Band of Kumeyaay Indians, California</fullName>
        <default>false</default>
        <label>Ewiiaapaayp Band of Kumeyaay Indians, California</label>
    </customValue>
    <customValue>
        <fullName>Federated Indians of Graton Rancheria, California</fullName>
        <default>false</default>
        <label>Federated Indians of Graton Rancheria, California</label>
    </customValue>
    <customValue>
        <fullName>Flandreau Santee Sioux Tribe of South Dakota</fullName>
        <default>false</default>
        <label>Flandreau Santee Sioux Tribe of South Dakota</label>
    </customValue>
    <customValue>
        <fullName>Forest County Potawatomi Community, Wisconsin</fullName>
        <default>false</default>
        <label>Forest County Potawatomi Community, Wisconsin</label>
    </customValue>
    <customValue>
        <fullName>Fort Belknap Indian Community of the Fort Belknap Reservation of Montana</fullName>
        <default>false</default>
        <label>Fort Belknap Indian Community of the Fort Belknap Reservation of Montana</label>
    </customValue>
    <customValue>
        <fullName>Fort Bidwell Indian Community of the Fort Bidwell Reservation of California</fullName>
        <default>false</default>
        <label>Fort Bidwell Indian Community of the Fort Bidwell Reservation of California</label>
    </customValue>
    <customValue>
        <fullName>Fort Independence Indian Community of Paiute Indians of the Fort Independence Reservation, California</fullName>
        <default>false</default>
        <label>Fort Independence Indian Community of Paiute Indians of the Fort Independence Reservation, California</label>
    </customValue>
    <customValue>
        <fullName>Fort McDermitt Paiute and Shoshone Tribes of the Fort McDermitt Indian Reservation, Nevada and Oregon</fullName>
        <default>false</default>
        <label>Fort McDermitt Paiute and Shoshone Tribes of the Fort McDermitt Indian Reservation, Nevada and Oregon</label>
    </customValue>
    <customValue>
        <fullName>Fort McDowell Yavapai Nation, Arizona</fullName>
        <default>false</default>
        <label>Fort McDowell Yavapai Nation, Arizona</label>
    </customValue>
    <customValue>
        <fullName>Fort Mojave Indian Tribe of Arizona, California &amp; Nevada</fullName>
        <default>false</default>
        <label>Fort Mojave Indian Tribe of Arizona, California &amp; Nevada</label>
    </customValue>
    <customValue>
        <fullName>Fort Sill Apache Tribe of Oklahoma</fullName>
        <default>false</default>
        <label>Fort Sill Apache Tribe of Oklahoma</label>
    </customValue>
    <customValue>
        <fullName>Galena Village (aka Louden Village)</fullName>
        <default>false</default>
        <label>Galena Village (aka Louden Village)</label>
    </customValue>
    <customValue>
        <fullName>Gila River Indian Community of the Gila River Indian Reservation, Arizona</fullName>
        <default>false</default>
        <label>Gila River Indian Community of the Gila River Indian Reservation, Arizona</label>
    </customValue>
    <customValue>
        <fullName>Grand Traverse Band of Ottawa and Chippewa Indians, Michigan</fullName>
        <default>false</default>
        <label>Grand Traverse Band of Ottawa and Chippewa Indians, Michigan</label>
    </customValue>
    <customValue>
        <fullName>Greenville Rancheria of Maidu Indians of California</fullName>
        <default>false</default>
        <label>Greenville Rancheria of Maidu Indians of California</label>
    </customValue>
    <customValue>
        <fullName>Grindstone Indian Rancheria of Wintun- Wailaki Indians of California</fullName>
        <default>false</default>
        <label>Grindstone Indian Rancheria of Wintun- Wailaki Indians of California</label>
    </customValue>
    <customValue>
        <fullName>Guidiville Rancheria of California</fullName>
        <default>false</default>
        <label>Guidiville Rancheria of California</label>
    </customValue>
    <customValue>
        <fullName>Gulkana Village</fullName>
        <default>false</default>
        <label>Gulkana Village</label>
    </customValue>
    <customValue>
        <fullName>Habematolel Pomo of Upper Lake, California</fullName>
        <default>false</default>
        <label>Habematolel Pomo of Upper Lake, California</label>
    </customValue>
    <customValue>
        <fullName>Hannahville Indian Community, Michigan</fullName>
        <default>false</default>
        <label>Hannahville Indian Community, Michigan</label>
    </customValue>
    <customValue>
        <fullName>Havasupai Tribe of the Havasupai Reservation, Arizona</fullName>
        <default>false</default>
        <label>Havasupai Tribe of the Havasupai Reservation, Arizona</label>
    </customValue>
    <customValue>
        <fullName>Healy Lake Village</fullName>
        <default>false</default>
        <label>Healy Lake Village</label>
    </customValue>
    <customValue>
        <fullName>Ho-Chunk Nation of Wisconsin</fullName>
        <default>false</default>
        <label>Ho-Chunk Nation of Wisconsin</label>
    </customValue>
    <customValue>
        <fullName>Hoh Indian Tribe of the Hoh Indian Reservation, Washington</fullName>
        <default>false</default>
        <label>Hoh Indian Tribe of the Hoh Indian Reservation, Washington</label>
    </customValue>
    <customValue>
        <fullName>Holy Cross Village</fullName>
        <default>false</default>
        <label>Holy Cross Village</label>
    </customValue>
    <customValue>
        <fullName>Hoonah Indian Association</fullName>
        <default>false</default>
        <label>Hoonah Indian Association</label>
    </customValue>
    <customValue>
        <fullName>Hoopa Valley Tribe, California</fullName>
        <default>false</default>
        <label>Hoopa Valley Tribe, California</label>
    </customValue>
    <customValue>
        <fullName>Hopi Tribe of Arizona</fullName>
        <default>false</default>
        <label>Hopi Tribe of Arizona</label>
    </customValue>
    <customValue>
        <fullName>Hopland Band of Pomo Indians of the Hopland Rancheria, California</fullName>
        <default>false</default>
        <label>Hopland Band of Pomo Indians of the Hopland Rancheria, California</label>
    </customValue>
    <customValue>
        <fullName>Houlton Band of Maliseet Indians of Maine</fullName>
        <default>false</default>
        <label>Houlton Band of Maliseet Indians of Maine</label>
    </customValue>
    <customValue>
        <fullName>Hualapai Indian Tribe of the Hualapai Indian Reservation, Arizona</fullName>
        <default>false</default>
        <label>Hualapai Indian Tribe of the Hualapai Indian Reservation, Arizona</label>
    </customValue>
    <customValue>
        <fullName>Hughes Village</fullName>
        <default>false</default>
        <label>Hughes Village</label>
    </customValue>
    <customValue>
        <fullName>Huslia Village</fullName>
        <default>false</default>
        <label>Huslia Village</label>
    </customValue>
    <customValue>
        <fullName>Hydaburg Cooperative Association</fullName>
        <default>false</default>
        <label>Hydaburg Cooperative Association</label>
    </customValue>
    <customValue>
        <fullName>Igiugig Village</fullName>
        <default>false</default>
        <label>Igiugig Village</label>
    </customValue>
    <customValue>
        <fullName>Iipay Nation of Santa Ysabel, California</fullName>
        <default>false</default>
        <label>Iipay Nation of Santa Ysabel, California</label>
    </customValue>
    <customValue>
        <fullName>Inaja Band of Diegueno Mission Indians of the Inaja and Cosmit Reservation, California</fullName>
        <default>false</default>
        <label>Inaja Band of Diegueno Mission Indians of the Inaja and Cosmit Reservation, California</label>
    </customValue>
    <customValue>
        <fullName>Inupiat Community of the Arctic Slope</fullName>
        <default>false</default>
        <label>Inupiat Community of the Arctic Slope</label>
    </customValue>
    <customValue>
        <fullName>Ione Band of Miwok Indians of California</fullName>
        <default>false</default>
        <label>Ione Band of Miwok Indians of California</label>
    </customValue>
    <customValue>
        <fullName>Iowa Tribe of Kansas and Nebraska</fullName>
        <default>false</default>
        <label>Iowa Tribe of Kansas and Nebraska</label>
    </customValue>
    <customValue>
        <fullName>Iowa Tribe of Oklahoma</fullName>
        <default>false</default>
        <label>Iowa Tribe of Oklahoma</label>
    </customValue>
    <customValue>
        <fullName>Iqurmuit Traditional Council</fullName>
        <default>false</default>
        <label>Iqurmuit Traditional Council</label>
    </customValue>
    <customValue>
        <fullName>Ivanoff Bay Village</fullName>
        <default>false</default>
        <label>Ivanoff Bay Village</label>
    </customValue>
    <customValue>
        <fullName>Jackson Rancheria of Me-Wuk Indians of California</fullName>
        <default>false</default>
        <label>Jackson Rancheria of Me-Wuk Indians of California</label>
    </customValue>
    <customValue>
        <fullName>Jamestown S&apos;Klallam Tribe of Washington</fullName>
        <default>false</default>
        <label>Jamestown S&apos;Klallam Tribe of Washington</label>
    </customValue>
    <customValue>
        <fullName>Jamul Indian Village of California</fullName>
        <default>false</default>
        <label>Jamul Indian Village of California</label>
    </customValue>
    <customValue>
        <fullName>Jena Band of Choctaw Indians, Louisiana</fullName>
        <default>false</default>
        <label>Jena Band of Choctaw Indians, Louisiana</label>
    </customValue>
    <customValue>
        <fullName>Jicarilla Apache Nation, New Mexico</fullName>
        <default>false</default>
        <label>Jicarilla Apache Nation, New Mexico</label>
    </customValue>
    <customValue>
        <fullName>Kaguyak Village</fullName>
        <default>false</default>
        <label>Kaguyak Village</label>
    </customValue>
    <customValue>
        <fullName>Kaibab Band of Paiute Indians of the Kaibab Indian Reservation, Arizona</fullName>
        <default>false</default>
        <label>Kaibab Band of Paiute Indians of the Kaibab Indian Reservation, Arizona</label>
    </customValue>
    <customValue>
        <fullName>Kaktovik Village (aka Barter Island)</fullName>
        <default>false</default>
        <label>Kaktovik Village (aka Barter Island)</label>
    </customValue>
    <customValue>
        <fullName>Kalispel Indian Community of the Kalispel Reservation, Washington</fullName>
        <default>false</default>
        <label>Kalispel Indian Community of the Kalispel Reservation, Washington</label>
    </customValue>
    <customValue>
        <fullName>Karuk Tribe of California</fullName>
        <default>false</default>
        <label>Karuk Tribe of California</label>
    </customValue>
    <customValue>
        <fullName>Kashia Band of Pomo Indians of the Stewarts Point Rancheria, California</fullName>
        <default>false</default>
        <label>Kashia Band of Pomo Indians of the Stewarts Point Rancheria, California</label>
    </customValue>
    <customValue>
        <fullName>Kasigluk Traditional Elders Council</fullName>
        <default>false</default>
        <label>Kasigluk Traditional Elders Council</label>
    </customValue>
    <customValue>
        <fullName>Kaw Nation, Oklahoma</fullName>
        <default>false</default>
        <label>Kaw Nation, Oklahoma</label>
    </customValue>
    <customValue>
        <fullName>Kenaitze Indian Tribe</fullName>
        <default>false</default>
        <label>Kenaitze Indian Tribe</label>
    </customValue>
    <customValue>
        <fullName>Ketchikan Indian Corporation</fullName>
        <default>false</default>
        <label>Ketchikan Indian Corporation</label>
    </customValue>
    <customValue>
        <fullName>Keweenaw Bay Indian Community, Michigan</fullName>
        <default>false</default>
        <label>Keweenaw Bay Indian Community, Michigan</label>
    </customValue>
    <customValue>
        <fullName>Kialegee Tribal Town, Oklahoma</fullName>
        <default>false</default>
        <label>Kialegee Tribal Town, Oklahoma</label>
    </customValue>
    <customValue>
        <fullName>Kickapoo Traditional Tribe of Texas</fullName>
        <default>false</default>
        <label>Kickapoo Traditional Tribe of Texas</label>
    </customValue>
    <customValue>
        <fullName>Kickapoo Tribe of Indians of the Kickapoo Reservation in Kansas</fullName>
        <default>false</default>
        <label>Kickapoo Tribe of Indians of the Kickapoo Reservation in Kansas</label>
    </customValue>
    <customValue>
        <fullName>Kickapoo Tribe of Oklahoma</fullName>
        <default>false</default>
        <label>Kickapoo Tribe of Oklahoma</label>
    </customValue>
    <customValue>
        <fullName>King Island Native Community</fullName>
        <default>false</default>
        <label>King Island Native Community</label>
    </customValue>
    <customValue>
        <fullName>King Salmon Tribe</fullName>
        <default>false</default>
        <label>King Salmon Tribe</label>
    </customValue>
    <customValue>
        <fullName>Kiowa Indian Tribe of Oklahoma</fullName>
        <default>false</default>
        <label>Kiowa Indian Tribe of Oklahoma</label>
    </customValue>
    <customValue>
        <fullName>Klamath Tribes, Oregon</fullName>
        <default>false</default>
        <label>Klamath Tribes, Oregon</label>
    </customValue>
    <customValue>
        <fullName>Klawock Cooperative Association</fullName>
        <default>false</default>
        <label>Klawock Cooperative Association</label>
    </customValue>
    <customValue>
        <fullName>Knik Tribe</fullName>
        <default>false</default>
        <label>Knik Tribe</label>
    </customValue>
    <customValue>
        <fullName>Kokhanok Village</fullName>
        <default>false</default>
        <label>Kokhanok Village</label>
    </customValue>
    <customValue>
        <fullName>Kootenai Tribe of Idaho</fullName>
        <default>false</default>
        <label>Kootenai Tribe of Idaho</label>
    </customValue>
    <customValue>
        <fullName>Koyukuk Native Village</fullName>
        <default>false</default>
        <label>Koyukuk Native Village</label>
    </customValue>
    <customValue>
        <fullName>La Jolla Band of Luiseno Mission Indians of the La Jolla Reservation, California</fullName>
        <default>false</default>
        <label>La Jolla Band of Luiseno Mission Indians of the La Jolla Reservation, California</label>
    </customValue>
    <customValue>
        <fullName>La Posta Band of Diegueno Mission Indians of the La Posta Indian Reservation, California</fullName>
        <default>false</default>
        <label>La Posta Band of Diegueno Mission Indians of the La Posta Indian Reservation, California</label>
    </customValue>
    <customValue>
        <fullName>Lac Courte Oreilles Band of Lake Superior Chippewa Indians of Wisconsin</fullName>
        <default>false</default>
        <label>Lac Courte Oreilles Band of Lake Superior Chippewa Indians of Wisconsin</label>
    </customValue>
    <customValue>
        <fullName>Lac du Flambeau Band of Lake Superior Chippewa Indians of the Lac du Flambeau Reservation of Wisconsin</fullName>
        <default>false</default>
        <label>Lac du Flambeau Band of Lake Superior Chippewa Indians of the Lac du Flambeau Reservation of Wisconsin</label>
    </customValue>
    <customValue>
        <fullName>Lac Vieux Desert Band of Lake Superior Chippewa Indians, Michigan</fullName>
        <default>false</default>
        <label>Lac Vieux Desert Band of Lake Superior Chippewa Indians, Michigan</label>
    </customValue>
    <customValue>
        <fullName>Las Vegas Tribe of Paiute Indians of the Las Vegas Indian Colony, Nevada</fullName>
        <default>false</default>
        <label>Las Vegas Tribe of Paiute Indians of the Las Vegas Indian Colony, Nevada</label>
    </customValue>
    <customValue>
        <fullName>Lesnoi Village (aka Woody Island)</fullName>
        <default>false</default>
        <label>Lesnoi Village (aka Woody Island)</label>
    </customValue>
    <customValue>
        <fullName>Levelock Village</fullName>
        <default>false</default>
        <label>Levelock Village</label>
    </customValue>
    <customValue>
        <fullName>Lime Village</fullName>
        <default>false</default>
        <label>Lime Village</label>
    </customValue>
    <customValue>
        <fullName>Little River Band of Ottawa Indians, Michigan</fullName>
        <default>false</default>
        <label>Little River Band of Ottawa Indians, Michigan</label>
    </customValue>
    <customValue>
        <fullName>Little Traverse Bay Bands of Odawa Indians, Michigan</fullName>
        <default>false</default>
        <label>Little Traverse Bay Bands of Odawa Indians, Michigan</label>
    </customValue>
    <customValue>
        <fullName>Los Coyotes Band of Cahuilla and Cupeno Indians, California</fullName>
        <default>false</default>
        <label>Los Coyotes Band of Cahuilla and Cupeno Indians, California</label>
    </customValue>
    <customValue>
        <fullName>Lovelock Paiute Tribe of the Lovelock Indian Colony, Nevada</fullName>
        <default>false</default>
        <label>Lovelock Paiute Tribe of the Lovelock Indian Colony, Nevada</label>
    </customValue>
    <customValue>
        <fullName>Lower Brule Sioux Tribe of the Lower Brule Reservation, South Dakota</fullName>
        <default>false</default>
        <label>Lower Brule Sioux Tribe of the Lower Brule Reservation, South Dakota</label>
    </customValue>
    <customValue>
        <fullName>Lower Elwha Tribal Community of the Lower Elwha Reservation, Washington</fullName>
        <default>false</default>
        <label>Lower Elwha Tribal Community of the Lower Elwha Reservation, Washington</label>
    </customValue>
    <customValue>
        <fullName>Lower Lake Rancheria, California</fullName>
        <default>false</default>
        <label>Lower Lake Rancheria, California</label>
    </customValue>
    <customValue>
        <fullName>Lower Sioux Indian Community in the State of Minnesota</fullName>
        <default>false</default>
        <label>Lower Sioux Indian Community in the State of Minnesota</label>
    </customValue>
    <customValue>
        <fullName>Lummi Tribe of the Lummi Reservation, Washington</fullName>
        <default>false</default>
        <label>Lummi Tribe of the Lummi Reservation, Washington</label>
    </customValue>
    <customValue>
        <fullName>Lytton Rancheria of California</fullName>
        <default>false</default>
        <label>Lytton Rancheria of California</label>
    </customValue>
    <customValue>
        <fullName>Makah Indian Tribe of the Makah Indian Reservation, Washington</fullName>
        <default>false</default>
        <label>Makah Indian Tribe of the Makah Indian Reservation, Washington</label>
    </customValue>
    <customValue>
        <fullName>Manchester Band of Pomo Indians of the Manchester-Point Arena Rancheria, California</fullName>
        <default>false</default>
        <label>Manchester Band of Pomo Indians of the Manchester-Point Arena Rancheria, California</label>
    </customValue>
    <customValue>
        <fullName>Manley Hot Springs Village</fullName>
        <default>false</default>
        <label>Manley Hot Springs Village</label>
    </customValue>
    <customValue>
        <fullName>Manokotak Village</fullName>
        <default>false</default>
        <label>Manokotak Village</label>
    </customValue>
    <customValue>
        <fullName>Manzanita Band of Diegueno Mission Indians of the Manzanita Reservation, California</fullName>
        <default>false</default>
        <label>Manzanita Band of Diegueno Mission Indians of the Manzanita Reservation, California</label>
    </customValue>
    <customValue>
        <fullName>Mashantucket Pequot Tribe of Connecticut</fullName>
        <default>false</default>
        <label>Mashantucket Pequot Tribe of Connecticut</label>
    </customValue>
    <customValue>
        <fullName>Mashpee Wampanoag Tribe, Massachusetts</fullName>
        <default>false</default>
        <label>Mashpee Wampanoag Tribe, Massachusetts</label>
    </customValue>
    <customValue>
        <fullName>Match-e-be-nash-she-wish Band of Pottawatomi Indians of Michigan</fullName>
        <default>false</default>
        <label>Match-e-be-nash-she-wish Band of Pottawatomi Indians of Michigan</label>
    </customValue>
    <customValue>
        <fullName>McGrath Native Village</fullName>
        <default>false</default>
        <label>McGrath Native Village</label>
    </customValue>
    <customValue>
        <fullName>Mechoopda Indian Tribe of Chico Rancheria, California</fullName>
        <default>false</default>
        <label>Mechoopda Indian Tribe of Chico Rancheria, California</label>
    </customValue>
    <customValue>
        <fullName>Menominee Indian Tribe of Wisconsin</fullName>
        <default>false</default>
        <label>Menominee Indian Tribe of Wisconsin</label>
    </customValue>
    <customValue>
        <fullName>Mentasta Traditional Council</fullName>
        <default>false</default>
        <label>Mentasta Traditional Council</label>
    </customValue>
    <customValue>
        <fullName>Mesa Grande Band of Diegueno Mission Indians of the Mesa Grande Reservation, California</fullName>
        <default>false</default>
        <label>Mesa Grande Band of Diegueno Mission Indians of the Mesa Grande Reservation, California</label>
    </customValue>
    <customValue>
        <fullName>Mescalero Apache Tribe of the Mescalero Reservation, New Mexico</fullName>
        <default>false</default>
        <label>Mescalero Apache Tribe of the Mescalero Reservation, New Mexico</label>
    </customValue>
    <customValue>
        <fullName>Metlakatla Indian Community, Annette Island Reserve</fullName>
        <default>false</default>
        <label>Metlakatla Indian Community, Annette Island Reserve</label>
    </customValue>
    <customValue>
        <fullName>Miami Tribe of Oklahoma</fullName>
        <default>false</default>
        <label>Miami Tribe of Oklahoma</label>
    </customValue>
    <customValue>
        <fullName>Miccosukee Tribe of Indians of Florida</fullName>
        <default>false</default>
        <label>Miccosukee Tribe of Indians of Florida</label>
    </customValue>
    <customValue>
        <fullName>Middletown Rancheria of Pomo Indians of California</fullName>
        <default>false</default>
        <label>Middletown Rancheria of Pomo Indians of California</label>
    </customValue>
    <customValue>
        <fullName>Minnesota Chippewa Tribe, Minnesota</fullName>
        <default>false</default>
        <label>Minnesota Chippewa Tribe, Minnesota</label>
    </customValue>
    <customValue>
        <fullName>Mississippi Band of Choctaw Indians, Mississippi</fullName>
        <default>false</default>
        <label>Mississippi Band of Choctaw Indians, Mississippi</label>
    </customValue>
    <customValue>
        <fullName>Moapa Band of Paiute Indians of the Moapa River Indian Reservation, Nevada</fullName>
        <default>false</default>
        <label>Moapa Band of Paiute Indians of the Moapa River Indian Reservation, Nevada</label>
    </customValue>
    <customValue>
        <fullName>Modoc Tribe of Oklahoma</fullName>
        <default>false</default>
        <label>Modoc Tribe of Oklahoma</label>
    </customValue>
    <customValue>
        <fullName>Mohegan Indian Tribe of Connecticut</fullName>
        <default>false</default>
        <label>Mohegan Indian Tribe of Connecticut</label>
    </customValue>
    <customValue>
        <fullName>Mooretown Rancheria of Maidu Indians of California</fullName>
        <default>false</default>
        <label>Mooretown Rancheria of Maidu Indians of California</label>
    </customValue>
    <customValue>
        <fullName>Morongo Band of Mission Indians, California</fullName>
        <default>false</default>
        <label>Morongo Band of Mission Indians, California</label>
    </customValue>
    <customValue>
        <fullName>Muckleshoot Indian Tribe of the Muckleshoot Reservation, Washington</fullName>
        <default>false</default>
        <label>Muckleshoot Indian Tribe of the Muckleshoot Reservation, Washington</label>
    </customValue>
    <customValue>
        <fullName>Muscogee (Creek) Nation, Oklahoma</fullName>
        <default>false</default>
        <label>Muscogee (Creek) Nation, Oklahoma</label>
    </customValue>
    <customValue>
        <fullName>Naknek Native Village</fullName>
        <default>false</default>
        <label>Naknek Native Village</label>
    </customValue>
    <customValue>
        <fullName>Narragansett Indian Tribe of Rhode Island</fullName>
        <default>false</default>
        <label>Narragansett Indian Tribe of Rhode Island</label>
    </customValue>
    <customValue>
        <fullName>Native Village of Afognak</fullName>
        <default>false</default>
        <label>Native Village of Afognak</label>
    </customValue>
    <customValue>
        <fullName>Native Village of Akhiok</fullName>
        <default>false</default>
        <label>Native Village of Akhiok</label>
    </customValue>
    <customValue>
        <fullName>Native Village of Akutan</fullName>
        <default>false</default>
        <label>Native Village of Akutan</label>
    </customValue>
    <customValue>
        <fullName>Native Village of Aleknagik</fullName>
        <default>false</default>
        <label>Native Village of Aleknagik</label>
    </customValue>
    <customValue>
        <fullName>Native Village of Ambler</fullName>
        <default>false</default>
        <label>Native Village of Ambler</label>
    </customValue>
    <customValue>
        <fullName>Native Village of Atka</fullName>
        <default>false</default>
        <label>Native Village of Atka</label>
    </customValue>
    <customValue>
        <fullName>Native Village of Barrow Inupiat Traditional Government</fullName>
        <default>false</default>
        <label>Native Village of Barrow Inupiat Traditional Government</label>
    </customValue>
    <customValue>
        <fullName>Native Village of Belkofski</fullName>
        <default>false</default>
        <label>Native Village of Belkofski</label>
    </customValue>
    <customValue>
        <fullName>Native Village of Brevig Mission</fullName>
        <default>false</default>
        <label>Native Village of Brevig Mission</label>
    </customValue>
    <customValue>
        <fullName>Native Village of Buckland</fullName>
        <default>false</default>
        <label>Native Village of Buckland</label>
    </customValue>
    <customValue>
        <fullName>Native Village of Cantwell</fullName>
        <default>false</default>
        <label>Native Village of Cantwell</label>
    </customValue>
    <customValue>
        <fullName>Native Village of Chenega (aka Chanega)</fullName>
        <default>false</default>
        <label>Native Village of Chenega (aka Chanega)</label>
    </customValue>
    <customValue>
        <fullName>Native Village of Chignik Lagoon</fullName>
        <default>false</default>
        <label>Native Village of Chignik Lagoon</label>
    </customValue>
    <customValue>
        <fullName>Native Village of Chitina</fullName>
        <default>false</default>
        <label>Native Village of Chitina</label>
    </customValue>
    <customValue>
        <fullName>Native Village of Chuathbaluk (Russian Mission, Kuskokwim)</fullName>
        <default>false</default>
        <label>Native Village of Chuathbaluk (Russian Mission, Kuskokwim)</label>
    </customValue>
    <customValue>
        <fullName>Native Village of Council</fullName>
        <default>false</default>
        <label>Native Village of Council</label>
    </customValue>
    <customValue>
        <fullName>Native Village of Deering</fullName>
        <default>false</default>
        <label>Native Village of Deering</label>
    </customValue>
    <customValue>
        <fullName>Native Village of Diomede (aka Inalik)</fullName>
        <default>false</default>
        <label>Native Village of Diomede (aka Inalik)</label>
    </customValue>
    <customValue>
        <fullName>Native Village of Eagle</fullName>
        <default>false</default>
        <label>Native Village of Eagle</label>
    </customValue>
    <customValue>
        <fullName>Native Village of Eek</fullName>
        <default>false</default>
        <label>Native Village of Eek</label>
    </customValue>
    <customValue>
        <fullName>Native Village of Ekuk</fullName>
        <default>false</default>
        <label>Native Village of Ekuk</label>
    </customValue>
    <customValue>
        <fullName>Native Village of Elim</fullName>
        <default>false</default>
        <label>Native Village of Elim</label>
    </customValue>
    <customValue>
        <fullName>Native Village of Eyak (Cordova)</fullName>
        <default>false</default>
        <label>Native Village of Eyak (Cordova)</label>
    </customValue>
    <customValue>
        <fullName>Native Village of False Pass</fullName>
        <default>false</default>
        <label>Native Village of False Pass</label>
    </customValue>
    <customValue>
        <fullName>Native Village of Fort Yukon</fullName>
        <default>false</default>
        <label>Native Village of Fort Yukon</label>
    </customValue>
    <customValue>
        <fullName>Native Village of Gakona</fullName>
        <default>false</default>
        <label>Native Village of Gakona</label>
    </customValue>
    <customValue>
        <fullName>Native Village of Gambell</fullName>
        <default>false</default>
        <label>Native Village of Gambell</label>
    </customValue>
    <customValue>
        <fullName>Native Village of Georgetown</fullName>
        <default>false</default>
        <label>Native Village of Georgetown</label>
    </customValue>
    <customValue>
        <fullName>Native Village of Goodnews Bay</fullName>
        <default>false</default>
        <label>Native Village of Goodnews Bay</label>
    </customValue>
    <customValue>
        <fullName>Native Village of Hamilton</fullName>
        <default>false</default>
        <label>Native Village of Hamilton</label>
    </customValue>
    <customValue>
        <fullName>Native Village of Hooper Bay</fullName>
        <default>false</default>
        <label>Native Village of Hooper Bay</label>
    </customValue>
    <customValue>
        <fullName>Native Village of Kanatak</fullName>
        <default>false</default>
        <label>Native Village of Kanatak</label>
    </customValue>
    <customValue>
        <fullName>Native Village of Karluk</fullName>
        <default>false</default>
        <label>Native Village of Karluk</label>
    </customValue>
    <customValue>
        <fullName>Native Village of Kiana</fullName>
        <default>false</default>
        <label>Native Village of Kiana</label>
    </customValue>
    <customValue>
        <fullName>Native Village of Kipnuk</fullName>
        <default>false</default>
        <label>Native Village of Kipnuk</label>
    </customValue>
    <customValue>
        <fullName>Native Village of Kivalina</fullName>
        <default>false</default>
        <label>Native Village of Kivalina</label>
    </customValue>
    <customValue>
        <fullName>Native Village of Kluti Kaah (aka Copper Center)</fullName>
        <default>false</default>
        <label>Native Village of Kluti Kaah (aka Copper Center)</label>
    </customValue>
    <customValue>
        <fullName>Native Village of Kobuk</fullName>
        <default>false</default>
        <label>Native Village of Kobuk</label>
    </customValue>
    <customValue>
        <fullName>Native Village of Kongiganak</fullName>
        <default>false</default>
        <label>Native Village of Kongiganak</label>
    </customValue>
    <customValue>
        <fullName>Native Village of Kotzebue</fullName>
        <default>false</default>
        <label>Native Village of Kotzebue</label>
    </customValue>
    <customValue>
        <fullName>Native Village of Koyuk</fullName>
        <default>false</default>
        <label>Native Village of Koyuk</label>
    </customValue>
    <customValue>
        <fullName>Native Village of Kwigillingok</fullName>
        <default>false</default>
        <label>Native Village of Kwigillingok</label>
    </customValue>
    <customValue>
        <fullName>Native Village of Kwinhagak (aka Quinhagak)</fullName>
        <default>false</default>
        <label>Native Village of Kwinhagak (aka Quinhagak)</label>
    </customValue>
    <customValue>
        <fullName>Native Village of Larsen Bay</fullName>
        <default>false</default>
        <label>Native Village of Larsen Bay</label>
    </customValue>
    <customValue>
        <fullName>Native Village of Marshall (aka Fortuna Ledge)</fullName>
        <default>false</default>
        <label>Native Village of Marshall (aka Fortuna Ledge)</label>
    </customValue>
    <customValue>
        <fullName>Native Village of Mary&apos;s Igloo</fullName>
        <default>false</default>
        <label>Native Village of Mary&apos;s Igloo</label>
    </customValue>
    <customValue>
        <fullName>Native Village of Mekoryuk</fullName>
        <default>false</default>
        <label>Native Village of Mekoryuk</label>
    </customValue>
    <customValue>
        <fullName>Native Village of Minto</fullName>
        <default>false</default>
        <label>Native Village of Minto</label>
    </customValue>
    <customValue>
        <fullName>Native Village of Nanwalek (aka English Bay)</fullName>
        <default>false</default>
        <label>Native Village of Nanwalek (aka English Bay)</label>
    </customValue>
    <customValue>
        <fullName>Native Village of Napaimute</fullName>
        <default>false</default>
        <label>Native Village of Napaimute</label>
    </customValue>
    <customValue>
        <fullName>Native Village of Napakiak</fullName>
        <default>false</default>
        <label>Native Village of Napakiak</label>
    </customValue>
    <customValue>
        <fullName>Native Village of Napaskiak</fullName>
        <default>false</default>
        <label>Native Village of Napaskiak</label>
    </customValue>
    <customValue>
        <fullName>Native Village of Nelson Lagoon</fullName>
        <default>false</default>
        <label>Native Village of Nelson Lagoon</label>
    </customValue>
    <customValue>
        <fullName>Native Village of Nightmute</fullName>
        <default>false</default>
        <label>Native Village of Nightmute</label>
    </customValue>
    <customValue>
        <fullName>Native Village of Nikolski</fullName>
        <default>false</default>
        <label>Native Village of Nikolski</label>
    </customValue>
    <customValue>
        <fullName>Native Village of Noatak</fullName>
        <default>false</default>
        <label>Native Village of Noatak</label>
    </customValue>
    <customValue>
        <fullName>Native Village of Nuiqsut (aka Nooiksut)</fullName>
        <default>false</default>
        <label>Native Village of Nuiqsut (aka Nooiksut)</label>
    </customValue>
    <customValue>
        <fullName>Native Village of Nunam Iqua (formerly the Native Village of Sheldon&apos;s Point)</fullName>
        <default>false</default>
        <label>Native Village of Nunam Iqua (formerly the Native Village of Sheldon&apos;s Point)</label>
    </customValue>
    <customValue>
        <fullName>Native Village of Nunapitchuk</fullName>
        <default>false</default>
        <label>Native Village of Nunapitchuk</label>
    </customValue>
    <customValue>
        <fullName>Native Village of Ouzinkie</fullName>
        <default>false</default>
        <label>Native Village of Ouzinkie</label>
    </customValue>
    <customValue>
        <fullName>Native Village of Paimiut</fullName>
        <default>false</default>
        <label>Native Village of Paimiut</label>
    </customValue>
    <customValue>
        <fullName>Native Village of Perryville</fullName>
        <default>false</default>
        <label>Native Village of Perryville</label>
    </customValue>
    <customValue>
        <fullName>Native Village of Pilot Point</fullName>
        <default>false</default>
        <label>Native Village of Pilot Point</label>
    </customValue>
    <customValue>
        <fullName>Native Village of Pitka&apos;s Point</fullName>
        <default>false</default>
        <label>Native Village of Pitka&apos;s Point</label>
    </customValue>
    <customValue>
        <fullName>Native Village of Point Hope</fullName>
        <default>false</default>
        <label>Native Village of Point Hope</label>
    </customValue>
    <customValue>
        <fullName>Native Village of Point Lay</fullName>
        <default>false</default>
        <label>Native Village of Point Lay</label>
    </customValue>
    <customValue>
        <fullName>Native Village of Port Graham</fullName>
        <default>false</default>
        <label>Native Village of Port Graham</label>
    </customValue>
    <customValue>
        <fullName>Native Village of Port Heiden</fullName>
        <default>false</default>
        <label>Native Village of Port Heiden</label>
    </customValue>
    <customValue>
        <fullName>Native Village of Port Lions</fullName>
        <default>false</default>
        <label>Native Village of Port Lions</label>
    </customValue>
    <customValue>
        <fullName>Native Village of Ruby</fullName>
        <default>false</default>
        <label>Native Village of Ruby</label>
    </customValue>
    <customValue>
        <fullName>Native Village of Saint Michael</fullName>
        <default>false</default>
        <label>Native Village of Saint Michael</label>
    </customValue>
    <customValue>
        <fullName>Native Village of Savoonga</fullName>
        <default>false</default>
        <label>Native Village of Savoonga</label>
    </customValue>
    <customValue>
        <fullName>Native Village of Scammon Bay</fullName>
        <default>false</default>
        <label>Native Village of Scammon Bay</label>
    </customValue>
    <customValue>
        <fullName>Native Village of Selawik</fullName>
        <default>false</default>
        <label>Native Village of Selawik</label>
    </customValue>
    <customValue>
        <fullName>Native Village of Shaktoolik</fullName>
        <default>false</default>
        <label>Native Village of Shaktoolik</label>
    </customValue>
    <customValue>
        <fullName>Native Village of Shishmaref</fullName>
        <default>false</default>
        <label>Native Village of Shishmaref</label>
    </customValue>
    <customValue>
        <fullName>Native Village of Shungnak</fullName>
        <default>false</default>
        <label>Native Village of Shungnak</label>
    </customValue>
    <customValue>
        <fullName>Native Village of Stevens</fullName>
        <default>false</default>
        <label>Native Village of Stevens</label>
    </customValue>
    <customValue>
        <fullName>Native Village of Tanacross</fullName>
        <default>false</default>
        <label>Native Village of Tanacross</label>
    </customValue>
    <customValue>
        <fullName>Native Village of Tanana</fullName>
        <default>false</default>
        <label>Native Village of Tanana</label>
    </customValue>
    <customValue>
        <fullName>Native Village of Tatitlek</fullName>
        <default>false</default>
        <label>Native Village of Tatitlek</label>
    </customValue>
    <customValue>
        <fullName>Native Village of Tazlina</fullName>
        <default>false</default>
        <label>Native Village of Tazlina</label>
    </customValue>
    <customValue>
        <fullName>Native Village of Teller</fullName>
        <default>false</default>
        <label>Native Village of Teller</label>
    </customValue>
    <customValue>
        <fullName>Native Village of Tetlin</fullName>
        <default>false</default>
        <label>Native Village of Tetlin</label>
    </customValue>
    <customValue>
        <fullName>Native Village of Tuntutuliak</fullName>
        <default>false</default>
        <label>Native Village of Tuntutuliak</label>
    </customValue>
    <customValue>
        <fullName>Native Village of Tununak</fullName>
        <default>false</default>
        <label>Native Village of Tununak</label>
    </customValue>
    <customValue>
        <fullName>Native Village of Tyonek</fullName>
        <default>false</default>
        <label>Native Village of Tyonek</label>
    </customValue>
    <customValue>
        <fullName>Native Village of Unalakleet</fullName>
        <default>false</default>
        <label>Native Village of Unalakleet</label>
    </customValue>
    <customValue>
        <fullName>Native Village of Unga</fullName>
        <default>false</default>
        <label>Native Village of Unga</label>
    </customValue>
    <customValue>
        <fullName>Native Village of Venetie Tribal Government (Arctic Village and Village of Venetie)</fullName>
        <default>false</default>
        <label>Native Village of Venetie Tribal Government (Arctic Village and Village of Venetie)</label>
    </customValue>
    <customValue>
        <fullName>Native Village of Wales</fullName>
        <default>false</default>
        <label>Native Village of Wales</label>
    </customValue>
    <customValue>
        <fullName>Native Village of White Mountain</fullName>
        <default>false</default>
        <label>Native Village of White Mountain</label>
    </customValue>
    <customValue>
        <fullName>Navajo Nation, Arizona,  New Mexico &amp; Utah</fullName>
        <default>false</default>
        <label>Navajo Nation, Arizona,  New Mexico &amp; Utah</label>
    </customValue>
    <customValue>
        <fullName>Nenana Native Association</fullName>
        <default>false</default>
        <label>Nenana Native Association</label>
    </customValue>
    <customValue>
        <fullName>New Koliganek Village Council</fullName>
        <default>false</default>
        <label>New Koliganek Village Council</label>
    </customValue>
    <customValue>
        <fullName>New Stuyahok Village</fullName>
        <default>false</default>
        <label>New Stuyahok Village</label>
    </customValue>
    <customValue>
        <fullName>Newhalen Village</fullName>
        <default>false</default>
        <label>Newhalen Village</label>
    </customValue>
    <customValue>
        <fullName>Newtok Village</fullName>
        <default>false</default>
        <label>Newtok Village</label>
    </customValue>
    <customValue>
        <fullName>Nez Perce Tribe, Idaho (previously listed as Nez Perce Tribe of Idaho)</fullName>
        <default>false</default>
        <label>Nez Perce Tribe, Idaho (previously listed as Nez Perce Tribe of Idaho)</label>
    </customValue>
    <customValue>
        <fullName>Nikolai Village</fullName>
        <default>false</default>
        <label>Nikolai Village</label>
    </customValue>
    <customValue>
        <fullName>Ninilchik Village</fullName>
        <default>false</default>
        <label>Ninilchik Village</label>
    </customValue>
    <customValue>
        <fullName>Nisqually Indian Tribe of the Nisqually Reservation, Washington</fullName>
        <default>false</default>
        <label>Nisqually Indian Tribe of the Nisqually Reservation, Washington</label>
    </customValue>
    <customValue>
        <fullName>Nome Eskimo Community</fullName>
        <default>false</default>
        <label>Nome Eskimo Community</label>
    </customValue>
    <customValue>
        <fullName>Nondalton Village</fullName>
        <default>false</default>
        <label>Nondalton Village</label>
    </customValue>
    <customValue>
        <fullName>Nooksack Indian Tribe of Washington</fullName>
        <default>false</default>
        <label>Nooksack Indian Tribe of Washington</label>
    </customValue>
    <customValue>
        <fullName>Noorvik Native Community</fullName>
        <default>false</default>
        <label>Noorvik Native Community</label>
    </customValue>
    <customValue>
        <fullName>Northern Cheyenne Tribe of the Northern Cheyenne Indian Reservation, Montana</fullName>
        <default>false</default>
        <label>Northern Cheyenne Tribe of the Northern Cheyenne Indian Reservation, Montana</label>
    </customValue>
    <customValue>
        <fullName>Northfork Rancheria of Mono Indians of California</fullName>
        <default>false</default>
        <label>Northfork Rancheria of Mono Indians of California</label>
    </customValue>
    <customValue>
        <fullName>Northway Village</fullName>
        <default>false</default>
        <label>Northway Village</label>
    </customValue>
    <customValue>
        <fullName>Northwestern Band of Shoshoni Nation of Utah (Washakie)</fullName>
        <default>false</default>
        <label>Northwestern Band of Shoshoni Nation of Utah (Washakie)</label>
    </customValue>
    <customValue>
        <fullName>Nottawaseppi Huron Band of the Potawatomi, Michigan (formerly the Huron Potawatomi,  Inc.</fullName>
        <default>false</default>
        <label>Nottawaseppi Huron Band of the Potawatomi, Michigan (formerly the Huron Potawatomi,  Inc.</label>
    </customValue>
    <customValue>
        <fullName>Nulato Village</fullName>
        <default>false</default>
        <label>Nulato Village</label>
    </customValue>
    <customValue>
        <fullName>Nunakauyarmiut Tribe</fullName>
        <default>false</default>
        <label>Nunakauyarmiut Tribe</label>
    </customValue>
    <customValue>
        <fullName>Oglala Sioux Tribe of the Pine Ridge Reservation, South Dakota</fullName>
        <default>false</default>
        <label>Oglala Sioux Tribe of the Pine Ridge Reservation, South Dakota</label>
    </customValue>
    <customValue>
        <fullName>Ohkay Owingeh, New Mexico (formerly the Pueblo of San Juan)</fullName>
        <default>false</default>
        <label>Ohkay Owingeh, New Mexico (formerly the Pueblo of San Juan)</label>
    </customValue>
    <customValue>
        <fullName>Omaha Tribe of Nebraska</fullName>
        <default>false</default>
        <label>Omaha Tribe of Nebraska</label>
    </customValue>
    <customValue>
        <fullName>Oneida Nation of New York</fullName>
        <default>false</default>
        <label>Oneida Nation of New York</label>
    </customValue>
    <customValue>
        <fullName>Oneida Tribe of Indians of Wisconsin</fullName>
        <default>false</default>
        <label>Oneida Tribe of Indians of Wisconsin</label>
    </customValue>
    <customValue>
        <fullName>Onondaga Nation of New York</fullName>
        <default>false</default>
        <label>Onondaga Nation of New York</label>
    </customValue>
    <customValue>
        <fullName>Organized Village of Grayling (aka Holikachuk)</fullName>
        <default>false</default>
        <label>Organized Village of Grayling (aka Holikachuk)</label>
    </customValue>
    <customValue>
        <fullName>Organized Village of Kake</fullName>
        <default>false</default>
        <label>Organized Village of Kake</label>
    </customValue>
    <customValue>
        <fullName>Organized Village of Kasaan</fullName>
        <default>false</default>
        <label>Organized Village of Kasaan</label>
    </customValue>
    <customValue>
        <fullName>Organized Village of Kwethluk</fullName>
        <default>false</default>
        <label>Organized Village of Kwethluk</label>
    </customValue>
    <customValue>
        <fullName>Organized Village of Saxman</fullName>
        <default>false</default>
        <label>Organized Village of Saxman</label>
    </customValue>
    <customValue>
        <fullName>Orutsararmuit Native Village (aka Bethel)</fullName>
        <default>false</default>
        <label>Orutsararmuit Native Village (aka Bethel)</label>
    </customValue>
    <customValue>
        <fullName>Osage Nation, Oklahoma (formerly the Osage Tribe)</fullName>
        <default>false</default>
        <label>Osage Nation, Oklahoma (formerly the Osage Tribe)</label>
    </customValue>
    <customValue>
        <fullName>Oscarville Traditional Village</fullName>
        <default>false</default>
        <label>Oscarville Traditional Village</label>
    </customValue>
    <customValue>
        <fullName>Otoe-Missouria Tribe of Indians, Oklahoma</fullName>
        <default>false</default>
        <label>Otoe-Missouria Tribe of Indians, Oklahoma</label>
    </customValue>
    <customValue>
        <fullName>Ottawa Tribe of Oklahoma</fullName>
        <default>false</default>
        <label>Ottawa Tribe of Oklahoma</label>
    </customValue>
    <customValue>
        <fullName>Paiute Indian Tribe of Utah</fullName>
        <default>false</default>
        <label>Paiute Indian Tribe of Utah</label>
    </customValue>
    <customValue>
        <fullName>Paiute-Shoshone Indians of the Bishop Community of the Bishop Colony, California</fullName>
        <default>false</default>
        <label>Paiute-Shoshone Indians of the Bishop Community of the Bishop Colony, California</label>
    </customValue>
    <customValue>
        <fullName>Paiute-Shoshone Indians of the Lone Pine Community of the Lone Pine Reservation, California</fullName>
        <default>false</default>
        <label>Paiute-Shoshone Indians of the Lone Pine Community of the Lone Pine Reservation, California</label>
    </customValue>
    <customValue>
        <fullName>Paiute-Shoshone Tribe of the Fallon Reservation and Colony, Nevada</fullName>
        <default>false</default>
        <label>Paiute-Shoshone Tribe of the Fallon Reservation and Colony, Nevada</label>
    </customValue>
    <customValue>
        <fullName>Pala Band of Luiseno Mission Indians of the Pala Reservation, California</fullName>
        <default>false</default>
        <label>Pala Band of Luiseno Mission Indians of the Pala Reservation, California</label>
    </customValue>
    <customValue>
        <fullName>Pascua Yaqui Tribe of Arizona</fullName>
        <default>false</default>
        <label>Pascua Yaqui Tribe of Arizona</label>
    </customValue>
    <customValue>
        <fullName>Paskenta Band of Nomlaki Indians of California</fullName>
        <default>false</default>
        <label>Paskenta Band of Nomlaki Indians of California</label>
    </customValue>
    <customValue>
        <fullName>Passamaquoddy Tribe of Maine</fullName>
        <default>false</default>
        <label>Passamaquoddy Tribe of Maine</label>
    </customValue>
    <customValue>
        <fullName>Pauloff Harbor Village</fullName>
        <default>false</default>
        <label>Pauloff Harbor Village</label>
    </customValue>
    <customValue>
        <fullName>Pauma Band of Luiseno Mission Indians of the Pauma &amp; Yuima Reservation, California</fullName>
        <default>false</default>
        <label>Pauma Band of Luiseno Mission Indians of the Pauma &amp; Yuima Reservation, California</label>
    </customValue>
    <customValue>
        <fullName>Pawnee Nation of Oklahoma</fullName>
        <default>false</default>
        <label>Pawnee Nation of Oklahoma</label>
    </customValue>
    <customValue>
        <fullName>Pechanga Band of Luiseno Mission Indians of the Pechanga Reservation, California</fullName>
        <default>false</default>
        <label>Pechanga Band of Luiseno Mission Indians of the Pechanga Reservation, California</label>
    </customValue>
    <customValue>
        <fullName>Pedro Bay Village</fullName>
        <default>false</default>
        <label>Pedro Bay Village</label>
    </customValue>
    <customValue>
        <fullName>Penobscot Tribe of Maine</fullName>
        <default>false</default>
        <label>Penobscot Tribe of Maine</label>
    </customValue>
    <customValue>
        <fullName>Peoria Tribe of Indians of Oklahoma</fullName>
        <default>false</default>
        <label>Peoria Tribe of Indians of Oklahoma</label>
    </customValue>
    <customValue>
        <fullName>Petersburg Indian Association</fullName>
        <default>false</default>
        <label>Petersburg Indian Association</label>
    </customValue>
    <customValue>
        <fullName>Picayune Rancheria of Chukchansi Indians of California</fullName>
        <default>false</default>
        <label>Picayune Rancheria of Chukchansi Indians of California</label>
    </customValue>
    <customValue>
        <fullName>Pilot Station Traditional Village</fullName>
        <default>false</default>
        <label>Pilot Station Traditional Village</label>
    </customValue>
    <customValue>
        <fullName>Pinoleville Pomo Nation, California (formerly the Pinoleville Rancheria of Pomo Indians of California)</fullName>
        <default>false</default>
        <label>Pinoleville Pomo Nation, California (formerly the Pinoleville Rancheria of Pomo Indians of California)</label>
    </customValue>
    <customValue>
        <fullName>Pit River Tribe, California</fullName>
        <default>false</default>
        <label>Pit River Tribe, California</label>
    </customValue>
    <customValue>
        <fullName>Platinum Traditional Village</fullName>
        <default>false</default>
        <label>Platinum Traditional Village</label>
    </customValue>
    <customValue>
        <fullName>Poarch Band of Creek Indians of Alabama</fullName>
        <default>false</default>
        <label>Poarch Band of Creek Indians of Alabama</label>
    </customValue>
    <customValue>
        <fullName>Pokagon Band of Potawatomi Indians, Michigan and Indiana</fullName>
        <default>false</default>
        <label>Pokagon Band of Potawatomi Indians, Michigan and Indiana</label>
    </customValue>
    <customValue>
        <fullName>Ponca Tribe of Indians of Oklahoma</fullName>
        <default>false</default>
        <label>Ponca Tribe of Indians of Oklahoma</label>
    </customValue>
    <customValue>
        <fullName>Ponca Tribe of Nebraska</fullName>
        <default>false</default>
        <label>Ponca Tribe of Nebraska</label>
    </customValue>
    <customValue>
        <fullName>Port Gamble Indian Community of the Port Gamble Reservation, Washington</fullName>
        <default>false</default>
        <label>Port Gamble Indian Community of the Port Gamble Reservation, Washington</label>
    </customValue>
    <customValue>
        <fullName>Portage Creek Village (aka Ohgsenakale)</fullName>
        <default>false</default>
        <label>Portage Creek Village (aka Ohgsenakale)</label>
    </customValue>
    <customValue>
        <fullName>Potter Valley Tribe, California</fullName>
        <default>false</default>
        <label>Potter Valley Tribe, California</label>
    </customValue>
    <customValue>
        <fullName>Prairie Band of Potawatomi Nation, Kansas</fullName>
        <default>false</default>
        <label>Prairie Band of Potawatomi Nation, Kansas</label>
    </customValue>
    <customValue>
        <fullName>Prairie Island Indian Community in the State of Minnesota</fullName>
        <default>false</default>
        <label>Prairie Island Indian Community in the State of Minnesota</label>
    </customValue>
    <customValue>
        <fullName>Pribilof Islands Aleut Communities of St. Paul &amp; St. George Islands</fullName>
        <default>false</default>
        <label>Pribilof Islands Aleut Communities of St. Paul &amp; St. George Islands</label>
    </customValue>
    <customValue>
        <fullName>Pueblo of Acoma, New Mexico</fullName>
        <default>false</default>
        <label>Pueblo of Acoma, New Mexico</label>
    </customValue>
    <customValue>
        <fullName>Pueblo of Cochiti, New Mexico</fullName>
        <default>false</default>
        <label>Pueblo of Cochiti, New Mexico</label>
    </customValue>
    <customValue>
        <fullName>Pueblo of Isleta, New Mexico</fullName>
        <default>false</default>
        <label>Pueblo of Isleta, New Mexico</label>
    </customValue>
    <customValue>
        <fullName>Pueblo of Jemez, New Mexico</fullName>
        <default>false</default>
        <label>Pueblo of Jemez, New Mexico</label>
    </customValue>
    <customValue>
        <fullName>Pueblo of Laguna, New Mexico</fullName>
        <default>false</default>
        <label>Pueblo of Laguna, New Mexico</label>
    </customValue>
    <customValue>
        <fullName>Pueblo of Nambe, New Mexico</fullName>
        <default>false</default>
        <label>Pueblo of Nambe, New Mexico</label>
    </customValue>
    <customValue>
        <fullName>Pueblo of Picuris, New Mexico</fullName>
        <default>false</default>
        <label>Pueblo of Picuris, New Mexico</label>
    </customValue>
    <customValue>
        <fullName>Pueblo of Pojoaque, New Mexico</fullName>
        <default>false</default>
        <label>Pueblo of Pojoaque, New Mexico</label>
    </customValue>
    <customValue>
        <fullName>Pueblo of San Felipe, New Mexico</fullName>
        <default>false</default>
        <label>Pueblo of San Felipe, New Mexico</label>
    </customValue>
    <customValue>
        <fullName>Pueblo of San Ildefonso, New Mexico</fullName>
        <default>false</default>
        <label>Pueblo of San Ildefonso, New Mexico</label>
    </customValue>
    <customValue>
        <fullName>Pueblo of Sandia, New Mexico</fullName>
        <default>false</default>
        <label>Pueblo of Sandia, New Mexico</label>
    </customValue>
    <customValue>
        <fullName>Pueblo of Santa Ana, New Mexico</fullName>
        <default>false</default>
        <label>Pueblo of Santa Ana, New Mexico</label>
    </customValue>
    <customValue>
        <fullName>Pueblo of Santa Clara, New Mexico</fullName>
        <default>false</default>
        <label>Pueblo of Santa Clara, New Mexico</label>
    </customValue>
    <customValue>
        <fullName>Pueblo of Santo Domingo, New Mexico</fullName>
        <default>false</default>
        <label>Pueblo of Santo Domingo, New Mexico</label>
    </customValue>
    <customValue>
        <fullName>Pueblo of Taos, New Mexico</fullName>
        <default>false</default>
        <label>Pueblo of Taos, New Mexico</label>
    </customValue>
    <customValue>
        <fullName>Pueblo of Tesuque, New Mexico</fullName>
        <default>false</default>
        <label>Pueblo of Tesuque, New Mexico</label>
    </customValue>
    <customValue>
        <fullName>Pueblo of Zia, New Mexico</fullName>
        <default>false</default>
        <label>Pueblo of Zia, New Mexico</label>
    </customValue>
    <customValue>
        <fullName>Puyallup Tribe of the Puyallup Reservation, Washington</fullName>
        <default>false</default>
        <label>Puyallup Tribe of the Puyallup Reservation, Washington</label>
    </customValue>
    <customValue>
        <fullName>Pyramid Lake Paiute Tribe of the Pyramid Lake Reservation, Nevada</fullName>
        <default>false</default>
        <label>Pyramid Lake Paiute Tribe of the Pyramid Lake Reservation, Nevada</label>
    </customValue>
    <customValue>
        <fullName>Qagan Tayagungin Tribe of Sand Point Village</fullName>
        <default>false</default>
        <label>Qagan Tayagungin Tribe of Sand Point Village</label>
    </customValue>
    <customValue>
        <fullName>Qawalangin Tribe of Unalaska</fullName>
        <default>false</default>
        <label>Qawalangin Tribe of Unalaska</label>
    </customValue>
    <customValue>
        <fullName>Quapaw Tribe of Indians, Oklahoma</fullName>
        <default>false</default>
        <label>Quapaw Tribe of Indians, Oklahoma</label>
    </customValue>
    <customValue>
        <fullName>Quartz Valley Indian Community of the Quartz Valley Reservation of California</fullName>
        <default>false</default>
        <label>Quartz Valley Indian Community of the Quartz Valley Reservation of California</label>
    </customValue>
    <customValue>
        <fullName>Quechan Tribe of the Fort Yuma Indian Reservation, California &amp; Arizona</fullName>
        <default>false</default>
        <label>Quechan Tribe of the Fort Yuma Indian Reservation, California &amp; Arizona</label>
    </customValue>
    <customValue>
        <fullName>Quileute Tribe of the Quileute Reservation, Washington</fullName>
        <default>false</default>
        <label>Quileute Tribe of the Quileute Reservation, Washington</label>
    </customValue>
    <customValue>
        <fullName>Quinault Tribe of the Quinault Reservation, Washington</fullName>
        <default>false</default>
        <label>Quinault Tribe of the Quinault Reservation, Washington</label>
    </customValue>
    <customValue>
        <fullName>Ramona Band or Village of Cahuilla Mission Indians of California</fullName>
        <default>false</default>
        <label>Ramona Band or Village of Cahuilla Mission Indians of California</label>
    </customValue>
    <customValue>
        <fullName>Rampart Village</fullName>
        <default>false</default>
        <label>Rampart Village</label>
    </customValue>
    <customValue>
        <fullName>Red Cliff Band of Lake Superior Chippewa Indians of Wisconsin</fullName>
        <default>false</default>
        <label>Red Cliff Band of Lake Superior Chippewa Indians of Wisconsin</label>
    </customValue>
    <customValue>
        <fullName>Red Lake Band of Chippewa Indians, Minnesota</fullName>
        <default>false</default>
        <label>Red Lake Band of Chippewa Indians, Minnesota</label>
    </customValue>
    <customValue>
        <fullName>Redding Rancheria, California</fullName>
        <default>false</default>
        <label>Redding Rancheria, California</label>
    </customValue>
    <customValue>
        <fullName>Redwood Valley Rancheria of Pomo Indians of California</fullName>
        <default>false</default>
        <label>Redwood Valley Rancheria of Pomo Indians of California</label>
    </customValue>
    <customValue>
        <fullName>Reno-Sparks Indian Colony, Nevada</fullName>
        <default>false</default>
        <label>Reno-Sparks Indian Colony, Nevada</label>
    </customValue>
    <customValue>
        <fullName>Resighini Rancheria, California</fullName>
        <default>false</default>
        <label>Resighini Rancheria, California</label>
    </customValue>
    <customValue>
        <fullName>Rincon Band of Luiseno Mission Indians of the Rincon Reservation, California</fullName>
        <default>false</default>
        <label>Rincon Band of Luiseno Mission Indians of the Rincon Reservation, California</label>
    </customValue>
    <customValue>
        <fullName>Robinson Rancheria of Pomo Indians of California</fullName>
        <default>false</default>
        <label>Robinson Rancheria of Pomo Indians of California</label>
    </customValue>
    <customValue>
        <fullName>Rosebud Sioux Tribe of the Rosebud Indian Reservation, South Dakota</fullName>
        <default>false</default>
        <label>Rosebud Sioux Tribe of the Rosebud Indian Reservation, South Dakota</label>
    </customValue>
    <customValue>
        <fullName>Round Valley Indian Tribes of the Round Valley Reservation, California</fullName>
        <default>false</default>
        <label>Round Valley Indian Tribes of the Round Valley Reservation, California</label>
    </customValue>
    <customValue>
        <fullName>Rumsey Indian Rancheria of Wintun Indians of California</fullName>
        <default>false</default>
        <label>Rumsey Indian Rancheria of Wintun Indians of California</label>
    </customValue>
    <customValue>
        <fullName>Sac &amp; Fox Nation of Missouri in Kansas and Nebraska</fullName>
        <default>false</default>
        <label>Sac &amp; Fox Nation of Missouri in Kansas and Nebraska</label>
    </customValue>
    <customValue>
        <fullName>Sac &amp; Fox Nation, Oklahoma</fullName>
        <default>false</default>
        <label>Sac &amp; Fox Nation, Oklahoma</label>
    </customValue>
    <customValue>
        <fullName>Saginaw Chippewa Indian Tribe of Michigan</fullName>
        <default>false</default>
        <label>Saginaw Chippewa Indian Tribe of Michigan</label>
    </customValue>
    <customValue>
        <fullName>Saint George Island (See Pribilof Islands Aleut Communities of St. Paul &amp; St. George Islands)</fullName>
        <default>false</default>
        <label>Saint George Island (See Pribilof Islands Aleut Communities of St. Paul &amp; St. George Islands)</label>
    </customValue>
    <customValue>
        <fullName>Saint Paul Island (See Pribilof Islands Aleut Communities of St. Paul &amp; St. George Islands)</fullName>
        <default>false</default>
        <label>Saint Paul Island (See Pribilof Islands Aleut Communities of St. Paul &amp; St. George Islands)</label>
    </customValue>
    <customValue>
        <fullName>Saint Regis Mohawk Tribe, New York (formerly the St. Regis Band of Mohawk Indians of New York)</fullName>
        <default>false</default>
        <label>Saint Regis Mohawk Tribe, New York (formerly the St. Regis Band of Mohawk Indians of New York)</label>
    </customValue>
    <customValue>
        <fullName>Salt River Pima-Maricopa Indian Community of the Salt River Reservation, Arizona</fullName>
        <default>false</default>
        <label>Salt River Pima-Maricopa Indian Community of the Salt River Reservation, Arizona</label>
    </customValue>
    <customValue>
        <fullName>Samish Indian Tribe, Washington</fullName>
        <default>false</default>
        <label>Samish Indian Tribe, Washington</label>
    </customValue>
    <customValue>
        <fullName>San Carlos Apache Tribe of the San Carlos Reservation, Arizona</fullName>
        <default>false</default>
        <label>San Carlos Apache Tribe of the San Carlos Reservation, Arizona</label>
    </customValue>
    <customValue>
        <fullName>San Juan Southern Paiute Tribe of Arizona</fullName>
        <default>false</default>
        <label>San Juan Southern Paiute Tribe of Arizona</label>
    </customValue>
    <customValue>
        <fullName>San Manuel Band of Mission Indians, California</fullName>
        <default>false</default>
        <label>San Manuel Band of Mission Indians, California</label>
    </customValue>
    <customValue>
        <fullName>San Pasqual Band of Diegueno Mission Indians of California</fullName>
        <default>false</default>
        <label>San Pasqual Band of Diegueno Mission Indians of California</label>
    </customValue>
    <customValue>
        <fullName>Santa Rosa Band of Cahuilla Indians, California</fullName>
        <default>false</default>
        <label>Santa Rosa Band of Cahuilla Indians, California</label>
    </customValue>
    <customValue>
        <fullName>Santa Rosa Indian Community of the Santa Rosa Rancheria, California</fullName>
        <default>false</default>
        <label>Santa Rosa Indian Community of the Santa Rosa Rancheria, California</label>
    </customValue>
    <customValue>
        <fullName>Santa Ynez Band of Chumash Mission Indians of the Santa Ynez Reservation, California</fullName>
        <default>false</default>
        <label>Santa Ynez Band of Chumash Mission Indians of the Santa Ynez Reservation, California</label>
    </customValue>
    <customValue>
        <fullName>Santee Sioux Nation, Nebraska</fullName>
        <default>false</default>
        <label>Santee Sioux Nation, Nebraska</label>
    </customValue>
    <customValue>
        <fullName>Sauk-Suiattle Indian Tribe of Washington</fullName>
        <default>false</default>
        <label>Sauk-Suiattle Indian Tribe of Washington</label>
    </customValue>
    <customValue>
        <fullName>Sault Ste. Marie Tribe of Chippewa Indians of Michigan</fullName>
        <default>false</default>
        <label>Sault Ste. Marie Tribe of Chippewa Indians of Michigan</label>
    </customValue>
    <customValue>
        <fullName>Scotts Valley Band of Pomo Indians of California</fullName>
        <default>false</default>
        <label>Scotts Valley Band of Pomo Indians of California</label>
    </customValue>
    <customValue>
        <fullName>Seldovia Village Tribe</fullName>
        <default>false</default>
        <label>Seldovia Village Tribe</label>
    </customValue>
    <customValue>
        <fullName>Seminole Nation of Oklahoma</fullName>
        <default>false</default>
        <label>Seminole Nation of Oklahoma</label>
    </customValue>
    <customValue>
        <fullName>Seminole Tribe of Florida (Dania, Big Cypress,  Brighton)</fullName>
        <default>false</default>
        <label>Seminole Tribe of Florida (Dania, Big Cypress,  Brighton)</label>
    </customValue>
    <customValue>
        <fullName>Seneca Nation of New York</fullName>
        <default>false</default>
        <label>Seneca Nation of New York</label>
    </customValue>
    <customValue>
        <fullName>Seneca-Cayuga Tribe of Oklahoma</fullName>
        <default>false</default>
        <label>Seneca-Cayuga Tribe of Oklahoma</label>
    </customValue>
    <customValue>
        <fullName>Shageluk Native Village</fullName>
        <default>false</default>
        <label>Shageluk Native Village</label>
    </customValue>
    <customValue>
        <fullName>Shakopee Mdewakanton Sioux Community of Minnesota</fullName>
        <default>false</default>
        <label>Shakopee Mdewakanton Sioux Community of Minnesota</label>
    </customValue>
    <customValue>
        <fullName>Shawnee Tribe, Oklahoma</fullName>
        <default>false</default>
        <label>Shawnee Tribe, Oklahoma</label>
    </customValue>
    <customValue>
        <fullName>Sherwood Valley Rancheria of Pomo Indians of California</fullName>
        <default>false</default>
        <label>Sherwood Valley Rancheria of Pomo Indians of California</label>
    </customValue>
    <customValue>
        <fullName>Shingle Springs Band of Miwok Indians, Shingle Springs Rancheria (Verona Tract),  California</fullName>
        <default>false</default>
        <label>Shingle Springs Band of Miwok Indians, Shingle Springs Rancheria (Verona Tract),  California</label>
    </customValue>
    <customValue>
        <fullName>Shoalwater Bay Tribe of the Shoalwater Bay Indian Reservation, Washington</fullName>
        <default>false</default>
        <label>Shoalwater Bay Tribe of the Shoalwater Bay Indian Reservation, Washington</label>
    </customValue>
    <customValue>
        <fullName>Shoshone Tribe of the Wind River Reservation, Wyoming</fullName>
        <default>false</default>
        <label>Shoshone Tribe of the Wind River Reservation, Wyoming</label>
    </customValue>
    <customValue>
        <fullName>Shoshone-Bannock Tribes of the Fort Hall Reservation of Idaho</fullName>
        <default>false</default>
        <label>Shoshone-Bannock Tribes of the Fort Hall Reservation of Idaho</label>
    </customValue>
    <customValue>
        <fullName>Shoshone-Paiute Tribes of the Duck Valley Reservation, Nevada</fullName>
        <default>false</default>
        <label>Shoshone-Paiute Tribes of the Duck Valley Reservation, Nevada</label>
    </customValue>
    <customValue>
        <fullName>Sisseton-Wahpeton Oyate of the Lake Traverse Reservation, South Dakota</fullName>
        <default>false</default>
        <label>Sisseton-Wahpeton Oyate of the Lake Traverse Reservation, South Dakota</label>
    </customValue>
    <customValue>
        <fullName>Sitka Tribe of Alaska</fullName>
        <default>false</default>
        <label>Sitka Tribe of Alaska</label>
    </customValue>
    <customValue>
        <fullName>Skagway Village</fullName>
        <default>false</default>
        <label>Skagway Village</label>
    </customValue>
    <customValue>
        <fullName>Skokomish Indian Tribe of the Skokomish Reservation, Washington</fullName>
        <default>false</default>
        <label>Skokomish Indian Tribe of the Skokomish Reservation, Washington</label>
    </customValue>
    <customValue>
        <fullName>Skull Valley Band of Goshute Indians of Utah</fullName>
        <default>false</default>
        <label>Skull Valley Band of Goshute Indians of Utah</label>
    </customValue>
    <customValue>
        <fullName>Smith River R</fullName>
        <default>false</default>
        <label>Smith River R</label>
    </customValue>
    <masterLabel>Native</masterLabel>
    <sorted>false</sorted>
</GlobalValueSet>
