<?xml version="1.0" encoding="UTF-8"?>
<GlobalValueSet xmlns="http://soap.sforce.com/2006/04/metadata">
    <customValue>
        <fullName>Declined to Answer </fullName>
        <default>false</default>
        <label>Declined to Answer </label>
    </customValue>
    <customValue>
        <fullName>Did Not Ask Yet</fullName>
        <default>false</default>
        <label>Did Not Ask Yet</label>
    </customValue>
    <customValue>
        <fullName>E, Em, Eirs </fullName>
        <default>false</default>
        <label>E, Em, Eirs </label>
    </customValue>
    <customValue>
        <fullName>He, Him, His </fullName>
        <default>false</default>
        <label>He, Him, His </label>
    </customValue>
    <customValue>
        <fullName>No pronouns </fullName>
        <default>false</default>
        <label>No pronouns </label>
    </customValue>
    <customValue>
        <fullName>Self-describe </fullName>
        <default>false</default>
        <label>Self-describe </label>
    </customValue>
    <customValue>
        <fullName>She, Her, Hers </fullName>
        <default>false</default>
        <label>She, Her, Hers </label>
    </customValue>
    <customValue>
        <fullName>They, Them, Theirs </fullName>
        <default>false</default>
        <label>They, Them, Theirs </label>
    </customValue>
    <customValue>
        <fullName>Xe, Xem, Xyrs </fullName>
        <default>false</default>
        <label>Xe, Xem, Xyrs </label>
    </customValue>
    <customValue>
        <fullName>Ze, Hir, Hirs</fullName>
        <default>false</default>
        <label>Ze, Hir, Hirs</label>
    </customValue>
    <masterLabel>Pronouns</masterLabel>
    <sorted>false</sorted>
</GlobalValueSet>
