<?xml version="1.0" encoding="UTF-8"?>
<GlobalValueSet xmlns="http://soap.sforce.com/2006/04/metadata">
    <customValue>
        <fullName>1</fullName>
        <default>false</default>
        <label>White</label>
    </customValue>
    <customValue>
        <fullName>2</fullName>
        <default>false</default>
        <label>Black or African American</label>
    </customValue>
    <customValue>
        <fullName>3</fullName>
        <default>false</default>
        <label>American Indian or Alaska Native</label>
    </customValue>
    <customValue>
        <fullName>4</fullName>
        <default>false</default>
        <label>Asian</label>
    </customValue>
    <customValue>
        <fullName>5</fullName>
        <default>false</default>
        <label>Native Hawaiian/Pacific Islander</label>
    </customValue>
    <customValue>
        <fullName>6</fullName>
        <default>false</default>
        <label>Other/Not Volunteered by Recipient</label>
    </customValue>
    <customValue>
        <fullName>7</fullName>
        <default>false</default>
        <label>Unable to Determine</label>
    </customValue>
    <customValue>
        <fullName>8</fullName>
        <default>false</default>
        <label>Asian Indian</label>
    </customValue>
    <customValue>
        <fullName>9</fullName>
        <default>false</default>
        <label>Japanese</label>
    </customValue>
    <customValue>
        <fullName>10</fullName>
        <default>false</default>
        <label>Chinese</label>
    </customValue>
    <customValue>
        <fullName>11</fullName>
        <default>false</default>
        <label>Korean</label>
    </customValue>
    <customValue>
        <fullName>12</fullName>
        <default>false</default>
        <label>Vietnamese</label>
    </customValue>
    <customValue>
        <fullName>13</fullName>
        <default>false</default>
        <label>Other Asian</label>
    </customValue>
    <customValue>
        <fullName>14</fullName>
        <default>false</default>
        <label>Native Hawaiian</label>
    </customValue>
    <customValue>
        <fullName>15</fullName>
        <default>false</default>
        <label>Guamanian or Chamorro</label>
    </customValue>
    <customValue>
        <fullName>16</fullName>
        <default>false</default>
        <label>Filipino</label>
    </customValue>
    <customValue>
        <fullName>17</fullName>
        <default>false</default>
        <label>Samoan</label>
    </customValue>
    <customValue>
        <fullName>18</fullName>
        <default>false</default>
        <label>Other Pacific Islander</label>
    </customValue>
    <customValue>
        <fullName>19</fullName>
        <default>false</default>
        <label>Other Race</label>
    </customValue>
    <customValue>
        <fullName>20</fullName>
        <default>false</default>
        <label>Did Not Ask</label>
    </customValue>
    <customValue>
        <fullName>21</fullName>
        <default>false</default>
        <label>Declined to Answer</label>
    </customValue>
    <customValue>
        <fullName>22</fullName>
        <default>false</default>
        <label>Asian (Not Specified)</label>
    </customValue>
    <customValue>
        <fullName>23</fullName>
        <default>false</default>
        <label>Native Hawaiian or Other Pacific Islander (Not Specified)</label>
    </customValue>
    <masterLabel>Race</masterLabel>
    <sorted>false</sorted>
</GlobalValueSet>
