<?xml version="1.0" encoding="UTF-8"?>
<GlobalValueSet xmlns="http://soap.sforce.com/2006/04/metadata">
    <customValue>
        <fullName>1</fullName>
        <default>false</default>
        <label>A W Beattie Avts</label>
    </customValue>
    <customValue>
        <fullName>2</fullName>
        <default>false</default>
        <label>Allegheny Valley</label>
    </customValue>
    <customValue>
        <fullName>3</fullName>
        <default>false</default>
        <label>Avonworth</label>
    </customValue>
    <customValue>
        <fullName>4</fullName>
        <default>false</default>
        <label>Baldwin-Whitehall</label>
    </customValue>
    <customValue>
        <fullName>5</fullName>
        <default>false</default>
        <label>Bethel Park</label>
    </customValue>
    <customValue>
        <fullName>6</fullName>
        <default>false</default>
        <label>Brentwood Borough</label>
    </customValue>
    <customValue>
        <fullName>7</fullName>
        <default>false</default>
        <label>Career Connections Chs</label>
    </customValue>
    <customValue>
        <fullName>8</fullName>
        <default>false</default>
        <label>Carlynton</label>
    </customValue>
    <customValue>
        <fullName>9</fullName>
        <default>false</default>
        <label>Chartiers Valley</label>
    </customValue>
    <customValue>
        <fullName>10</fullName>
        <default>false</default>
        <label>Clairton City</label>
    </customValue>
    <customValue>
        <fullName>11</fullName>
        <default>false</default>
        <label>Cornell</label>
    </customValue>
    <customValue>
        <fullName>12</fullName>
        <default>false</default>
        <label>Deer Lakes</label>
    </customValue>
    <customValue>
        <fullName>13</fullName>
        <default>false</default>
        <label>Duquesne City</label>
    </customValue>
    <customValue>
        <fullName>14</fullName>
        <default>false</default>
        <label>East Allegheny</label>
    </customValue>
    <customValue>
        <fullName>15</fullName>
        <default>false</default>
        <label>Elizabeth Forward</label>
    </customValue>
    <customValue>
        <fullName>16</fullName>
        <default>false</default>
        <label>Forbes Road Career &amp; Tech Ctr</label>
    </customValue>
    <customValue>
        <fullName>17</fullName>
        <default>false</default>
        <label>Fox Chapel Area</label>
    </customValue>
    <customValue>
        <fullName>18</fullName>
        <default>false</default>
        <label>Gateway</label>
    </customValue>
    <customValue>
        <fullName>19</fullName>
        <default>false</default>
        <label>Hampton Township</label>
    </customValue>
    <customValue>
        <fullName>20</fullName>
        <default>false</default>
        <label>Highlands</label>
    </customValue>
    <customValue>
        <fullName>21</fullName>
        <default>false</default>
        <label>Keystone Oaks</label>
    </customValue>
    <customValue>
        <fullName>22</fullName>
        <default>false</default>
        <label>Manchester Academic Cs</label>
    </customValue>
    <customValue>
        <fullName>23</fullName>
        <default>false</default>
        <label>Mckeesport Area</label>
    </customValue>
    <customValue>
        <fullName>24</fullName>
        <default>false</default>
        <label>Mckeesport Avts</label>
    </customValue>
    <customValue>
        <fullName>25</fullName>
        <default>false</default>
        <label>Montour</label>
    </customValue>
    <customValue>
        <fullName>26</fullName>
        <default>false</default>
        <label>Moon Area</label>
    </customValue>
    <customValue>
        <fullName>27</fullName>
        <default>false</default>
        <label>Mt. Lebanon</label>
    </customValue>
    <customValue>
        <fullName>28</fullName>
        <default>false</default>
        <label>North Allegheny</label>
    </customValue>
    <customValue>
        <fullName>29</fullName>
        <default>false</default>
        <label>North Hills</label>
    </customValue>
    <customValue>
        <fullName>30</fullName>
        <default>false</default>
        <label>Northgate</label>
    </customValue>
    <customValue>
        <fullName>31</fullName>
        <default>false</default>
        <label>Northside Urban Pathways Cs</label>
    </customValue>
    <customValue>
        <fullName>32</fullName>
        <default>false</default>
        <label>Pa Learners Online Regional Cy</label>
    </customValue>
    <customValue>
        <fullName>33</fullName>
        <default>false</default>
        <label>Parkway West Avts</label>
    </customValue>
    <customValue>
        <fullName>34</fullName>
        <default>false</default>
        <label>Penn Hills</label>
    </customValue>
    <customValue>
        <fullName>35</fullName>
        <default>false</default>
        <label>Pine-Richland</label>
    </customValue>
    <customValue>
        <fullName>36</fullName>
        <default>false</default>
        <label>Pittsburgh Public Schools</label>
    </customValue>
    <customValue>
        <fullName>37</fullName>
        <default>false</default>
        <label>Plum Borough</label>
    </customValue>
    <customValue>
        <fullName>38</fullName>
        <default>false</default>
        <label>Quaker Valley</label>
    </customValue>
    <customValue>
        <fullName>39</fullName>
        <default>false</default>
        <label>Riverview</label>
    </customValue>
    <customValue>
        <fullName>40</fullName>
        <default>false</default>
        <label>Shaler Area</label>
    </customValue>
    <customValue>
        <fullName>41</fullName>
        <default>false</default>
        <label>South Allegheny</label>
    </customValue>
    <customValue>
        <fullName>42</fullName>
        <default>false</default>
        <label>South Fayette Township</label>
    </customValue>
    <customValue>
        <fullName>43</fullName>
        <default>false</default>
        <label>South Park</label>
    </customValue>
    <customValue>
        <fullName>44</fullName>
        <default>false</default>
        <label>Spectrum Cs</label>
    </customValue>
    <customValue>
        <fullName>45</fullName>
        <default>false</default>
        <label>Steel Center Avts</label>
    </customValue>
    <customValue>
        <fullName>46</fullName>
        <default>false</default>
        <label>Steel Valley</label>
    </customValue>
    <customValue>
        <fullName>47</fullName>
        <default>false</default>
        <label>Sto-Rox</label>
    </customValue>
    <customValue>
        <fullName>48</fullName>
        <default>false</default>
        <label>Thurgood Marshall Acad. Cs</label>
    </customValue>
    <customValue>
        <fullName>49</fullName>
        <default>false</default>
        <label>Upper St. Clair Area</label>
    </customValue>
    <customValue>
        <fullName>50</fullName>
        <default>false</default>
        <label>Urban League Of Pittsburgh Cs</label>
    </customValue>
    <customValue>
        <fullName>51</fullName>
        <default>false</default>
        <label>West Allegheny</label>
    </customValue>
    <customValue>
        <fullName>52</fullName>
        <default>false</default>
        <label>West Jefferson Hills</label>
    </customValue>
    <customValue>
        <fullName>53</fullName>
        <default>false</default>
        <label>West Mifflin Area</label>
    </customValue>
    <customValue>
        <fullName>54</fullName>
        <default>false</default>
        <label>Wilkinsburg</label>
    </customValue>
    <customValue>
        <fullName>55</fullName>
        <default>false</default>
        <label>Woodland Hills</label>
    </customValue>
    <customValue>
        <fullName>56</fullName>
        <default>false</default>
        <label>Out of county district</label>
    </customValue>
    <customValue>
        <fullName>57</fullName>
        <default>false</default>
        <label>Out of state district</label>
    </customValue>
    <customValue>
        <fullName>58</fullName>
        <default>false</default>
        <label>Fort Cherry</label>
    </customValue>
    <customValue>
        <fullName>59</fullName>
        <default>false</default>
        <label>Penn-Trafford</label>
    </customValue>
    <masterLabel>School District</masterLabel>
    <sorted>false</sorted>
</GlobalValueSet>
