<?xml version="1.0" encoding="UTF-8"?>
<MatchingRules xmlns="http://soap.sforce.com/2006/04/metadata">
    <matchingRules>
        <fullName>Client_SSN</fullName>
        <label>Client SSN</label>
        <matchingRuleItems>
            <blankValueBehavior>NullNotAllowed</blankValueBehavior>
            <fieldName>SSN__c</fieldName>
            <matchingMethod>Exact</matchingMethod>
        </matchingRuleItems>
        <ruleStatus>Active</ruleStatus>
    </matchingRules>
    <matchingRules>
        <fullName>Client_first_and_last_name</fullName>
        <label>Client first and last name</label>
        <matchingRuleItems>
            <blankValueBehavior>NullNotAllowed</blankValueBehavior>
            <fieldName>First_Name__c</fieldName>
            <matchingMethod>FirstName</matchingMethod>
        </matchingRuleItems>
        <matchingRuleItems>
            <blankValueBehavior>NullNotAllowed</blankValueBehavior>
            <fieldName>Last_Name__c</fieldName>
            <matchingMethod>LastName</matchingMethod>
        </matchingRuleItems>
        <ruleStatus>Active</ruleStatus>
    </matchingRules>
</MatchingRules>
