<?xml version="1.0" encoding="UTF-8"?>
<CustomApplication xmlns="http://soap.sforce.com/2006/04/metadata">
    <brand>
        <headerColor>#0070D2</headerColor>
        <logoVersion>1</logoVersion>
        <shouldOverrideOrgTheme>true</shouldOverrideOrgTheme>
    </brand>
    <formFactors>Small</formFactors>
    <formFactors>Large</formFactors>
    <isNavAutoTempTabsDisabled>false</isNavAutoTempTabsDisabled>
    <isNavPersonalizationDisabled>false</isNavPersonalizationDisabled>
    <label>CareSphere</label>
    <navType>Standard</navType>
    <tabs>IRT</tabs>
    <tabs>standard-Account</tabs>
    <tabs>standard-Contact</tabs>
    <tabs>Referral__c</tabs>
    <tabs>Client__c</tabs>
    <tabs>Program__c</tabs>
    <tabs>Service__c</tabs>
    <tabs>SP_Service__c</tabs>
    <tabs>standard-report</tabs>
    <tabs>Encounter__c</tabs>
    <tabs>Concrete_Goods__c</tabs>
    <tabs>Junction_Service__c</tabs>
    <uiType>Lightning</uiType>
    <utilityBar>CareSphere_UtilityBar</utilityBar>
</CustomApplication>
