<?xml version="1.0" encoding="UTF-8"?>
<CustomMetadata xmlns="http://soap.sforce.com/2006/04/metadata" xmlns:xsi="http://www.w3.org/2001/XMLSchema-instance" xmlns:xsd="http://www.w3.org/2001/XMLSchema">
    <label>Sister</label>
    <protected>false</protected>
    <values>
        <field>Reciprocal_Female__c</field>
        <value xsi:type="xsd:string">Sister</value>
    </values>
    <values>
        <field>Reciprocal_Male__c</field>
        <value xsi:type="xsd:string">Brother</value>
    </values>
    <values>
        <field>Reciprocal_Neutral__c</field>
        <value xsi:type="xsd:string">Sibling</value>
    </values>
</CustomMetadata>
