<?xml version="1.0" encoding="UTF-8"?>
<CustomMetadata xmlns="http://soap.sforce.com/2006/04/metadata" xmlns:xsi="http://www.w3.org/2001/XMLSchema-instance" xmlns:xsd="http://www.w3.org/2001/XMLSchema">
    <label>Female_Extended Family</label>
    <protected>false</protected>
    <values>
        <field>Possible_Values__c</field>
        <value xsi:type="xsd:string">Aunt#Niece#Cousin#Sister-In-Law#Mother-In-Law#Daughter-In-Law#Grand Mother#Grand Daughter</value>
    </values>
</CustomMetadata>
