[{"_allAttributes":null,"_properties":null,"_methods":null,"file":"c:/Users/prakh/Desktop/Work/ACDHS Dev P2/ACDHS Unit P2/force-app/main/default/lwc/assignWorkerOnReferral/assignWorkerOnReferral.js","metadata":{"decorators":[{"type":"api","targets":[{"type":"property","name":"recordId","value":{"type":"string"}},{"type":"property","name":"notifyViaAlerts","value":{"type":"boolean","value":false}}]},{"type":"wire","targets":[{"name":"wiredReferralResult","adapter":{"name":"getRecord","reference":"lightning/uiRecordApi"},"type":"method","static":{"fields":{"type":"unresolved","value":"array_expression"}},"params":{"recordId":"recordId"}},{"name":"wiredAccessibilityResult","adapter":{"name":"checkUserAccessOnReferral","reference":"@salesforce/apex/DocCollectionCtrl.checkUserAccessOnReferral"},"type":"method","static":{},"params":{"UserId":"loggedUserId","ReferralId":"recordId"}}]}],"declarationLoc":{"start":{"line":11,"column":0},"end":{"line":254,"column":1}},"classMembers":[{"type":"property","name":"recordId","loc":{"start":{"line":12,"column":4},"end":{"line":12,"column":23}},"decorator":"api","value":{"type":"string"}},{"type":"property","name":"refStatus","loc":{"start":{"line":13,"column":4},"end":{"line":13,"column":19}}},{"type":"property","name":"isError","loc":{"start":{"line":14,"column":4},"end":{"line":14,"column":20}}},{"type":"property","name":"loggedUserId","loc":{"start":{"line":15,"column":4},"end":{"line":15,"column":27}}},{"type":"property","name":"isACDHS","loc":{"start":{"line":16,"column":4},"end":{"line":16,"column":20}}},{"type":"property","name":"isPortal","loc":{"start":{"line":17,"column":4},"end":{"line":17,"column":21}}},{"type":"property","name":"selectedUserId","loc":{"start":{"line":18,"column":4},"end":{"line":18,"column":24}}},{"type":"property","name":"accountId","loc":{"start":{"line":19,"column":4},"end":{"line":19,"column":17}}},{"type":"property","name":"isAccess","loc":{"start":{"line":20,"column":4},"end":{"line":20,"column":21}}},{"type":"property","name":"isAdminAccess","loc":{"start":{"line":21,"column":4},"end":{"line":21,"column":26}}},{"type":"method","name":"wiredReferralResult","loc":{"start":{"line":22,"column":4},"end":{"line":45,"column":5}},"decorator":"wire"},{"type":"method","name":"wiredAccessibilityResult","loc":{"start":{"line":46,"column":4},"end":{"line":84,"column":5}},"decorator":"wire"},{"type":"property","name":"notifyViaAlerts","loc":{"start":{"line":87,"column":4},"end":{"line":87,"column":33}},"decorator":"api","value":{"type":"boolean","value":false}},{"type":"property","name":"isMultiEntry","loc":{"start":{"line":89,"column":4},"end":{"line":89,"column":25}}},{"type":"property","name":"maxSelectionSize","loc":{"start":{"line":90,"column":4},"end":{"line":90,"column":25}}},{"type":"property","name":"initialSelection","loc":{"start":{"line":91,"column":4},"end":{"line":91,"column":26}}},{"type":"property","name":"errors","loc":{"start":{"line":92,"column":4},"end":{"line":92,"column":16}}},{"type":"property","name":"recentlyViewed","loc":{"start":{"line":93,"column":4},"end":{"line":93,"column":24}}},{"type":"method","name":"handleLookupSearch","loc":{"start":{"line":99,"column":5},"end":{"line":164,"column":5}},"doc":"*\n     * Handles the lookup search event.\n     * Calls the server to perform the search and returns the resuls to the lookup.\n     * @param {event} event `search` event emmitted by the lookup"},{"type":"method","name":"handleLookupSelectionChange","loc":{"start":{"line":172,"column":4},"end":{"line":174,"column":5}}},{"type":"method","name":"handleLookupTypeChange","loc":{"start":{"line":178,"column":4},"end":{"line":182,"column":5}}},{"type":"method","name":"handleMaxSelectionSizeChange","loc":{"start":{"line":184,"column":4},"end":{"line":186,"column":5}}},{"type":"method","name":"handleSubmit","loc":{"start":{"line":188,"column":4},"end":{"line":193,"column":5}}},{"type":"method","name":"handleClear","loc":{"start":{"line":195,"column":4},"end":{"line":198,"column":5}}},{"type":"method","name":"checkForErrors","loc":{"start":{"line":200,"column":4},"end":{"line":215,"column":5}}},{"type":"method","name":"notifyUser","loc":{"start":{"line":217,"column":4},"end":{"line":227,"column":5}}},{"type":"method","name":"handleSave","loc":{"start":{"line":228,"column":4},"end":{"line":248,"column":5}}},{"type":"method","name":"handleCancel","loc":{"start":{"line":249,"column":4},"end":{"line":253,"column":5}}}],"exports":[{"type":"ExportDefaultDeclaration"}]},"updatedAt":"2021-06-18T09:04:19.579Z"},{"_allAttributes":null,"_properties":null,"_methods":null,"file":"c:/Users/prakh/Desktop/Work/ACDHS Dev P2/ACDHS Unit P2/force-app/main/default/lwc/docCollection/docCollection.js","metadata":{"decorators":[{"type":"api","targets":[{"type":"property","name":"recordId","value":{"type":"unresolved"}},{"type":"property","name":"objectApiName","value":{"type":"unresolved"}}]},{"type":"wire","targets":[{"name":"wiredClientService","adapter":{"name":"getRecord","reference":"lightning/uiRecordApi"},"type":"method","static":{},"params":{"recordId":"recordId","fields":"CSFields"}},{"name":"objectInfo","adapter":{"name":"getObjectInfo","reference":"lightning/uiObjectInfoApi"},"type":"property","static":{"objectApiName":{"value":"@salesforce/schema/ContentVersion","type":"module"}},"params":{}},{"name":"CategoryValues","adapter":{"name":"getPicklistValues","reference":"lightning/uiObjectInfoApi"},"type":"method","static":{"fieldApiName":{"value":"@salesforce/schema/ContentVersion.Document_Category__c","type":"module"}},"params":{"recordTypeId":"objectInfo.data.defaultRecordTypeId"}},{"name":"wiredJSONData","adapter":{"name":"getDocuments","reference":"@salesforce/apex/DocCollectionCtrl.getAllDocs"},"type":"method","static":{},"params":{"recId":"recordId"}},{"name":"wiredHelpTextJSON","adapter":{"name":"getHelpText","reference":"@salesforce/apex/DocCollectionCtrl.getHelpText"},"type":"method"}]},{"type":"track","targets":[{"name":"docTypes","type":"property"},{"name":"columns","type":"property"},{"name":"listCDL","type":"property"},{"name":"draftValues","type":"property"}]}],"declarationLoc":{"start":{"line":19,"column":0},"end":{"line":312,"column":1}},"classMembers":[{"type":"property","name":"recordId","loc":{"start":{"line":20,"column":4},"end":{"line":20,"column":18}},"decorator":"api","value":{"type":"unresolved"}},{"type":"property","name":"objectApiName","loc":{"start":{"line":21,"column":4},"end":{"line":21,"column":23}},"decorator":"api","value":{"type":"unresolved"}},{"type":"property","name":"docTypes","loc":{"start":{"line":22,"column":4},"end":{"line":22,"column":25}},"decorator":"track"},{"type":"property","name":"fileUploadDisabled","loc":{"start":{"line":23,"column":4},"end":{"line":23,"column":30}}},{"type":"property","name":"uploadToClient","loc":{"start":{"line":24,"column":4},"end":{"line":24,"column":27}}},{"type":"property","name":"uploadToHHAcc","loc":{"start":{"line":25,"column":4},"end":{"line":25,"column":26}}},{"type":"property","name":"clientId","loc":{"start":{"line":26,"column":4},"end":{"line":26,"column":18}}},{"type":"property","name":"priHHId","loc":{"start":{"line":27,"column":4},"end":{"line":27,"column":16}}},{"type":"property","name":"hideSharingCB","loc":{"start":{"line":28,"column":4},"end":{"line":28,"column":26}}},{"type":"property","name":"showClientShare","loc":{"start":{"line":29,"column":4},"end":{"line":29,"column":28}}},{"type":"property","name":"showHHShare","loc":{"start":{"line":30,"column":4},"end":{"line":30,"column":24}}},{"type":"property","name":"disableClientCB","loc":{"start":{"line":31,"column":4},"end":{"line":31,"column":27}}},{"type":"property","name":"disableAccHHCB","loc":{"start":{"line":32,"column":4},"end":{"line":32,"column":26}}},{"type":"property","name":"notes","loc":{"start":{"line":33,"column":4},"end":{"line":33,"column":13}}},{"type":"property","name":"loggedInUserID","loc":{"start":{"line":34,"column":4},"end":{"line":34,"column":29}}},{"type":"property","name":"refOwnerId","loc":{"start":{"line":35,"column":4},"end":{"line":35,"column":18}}},{"type":"property","name":"refOwnAccId","loc":{"start":{"line":36,"column":4},"end":{"line":36,"column":20}}},{"type":"property","name":"ownerCon","loc":{"start":{"line":37,"column":4},"end":{"line":37,"column":18}}},{"type":"property","name":"isOwnerACDHS","loc":{"start":{"line":38,"column":4},"end":{"line":38,"column":25}}},{"type":"property","name":"isOwnerPartner","loc":{"start":{"line":39,"column":4},"end":{"line":39,"column":27}}},{"type":"property","name":"showInp","loc":{"start":{"line":40,"column":4},"end":{"line":40,"column":20}}},{"type":"property","name":"accId","loc":{"start":{"line":41,"column":4},"end":{"line":41,"column":13}}},{"type":"property","name":"con","loc":{"start":{"line":42,"column":4},"end":{"line":42,"column":11}}},{"type":"property","name":"helpTextValue","loc":{"start":{"line":43,"column":4},"end":{"line":43,"column":20}}},{"type":"property","name":"isAccess","loc":{"start":{"line":44,"column":4},"end":{"line":44,"column":20}}},{"type":"property","name":"isSite","loc":{"start":{"line":45,"column":4},"end":{"line":45,"column":11}}},{"type":"property","name":"isAdminAccess","loc":{"start":{"line":46,"column":4},"end":{"line":46,"column":26}}},{"type":"property","name":"isReadOnly","loc":{"start":{"line":47,"column":4},"end":{"line":47,"column":23}}},{"type":"property","name":"userProfile","loc":{"start":{"line":48,"column":4},"end":{"line":48,"column":19}}},{"type":"property","name":"userTitle","loc":{"start":{"line":49,"column":4},"end":{"line":49,"column":17}}},{"type":"property","name":"CSFields","loc":{"start":{"line":50,"column":4},"end":{"line":50,"column":18}}},{"type":"method","name":"connectedCallback","loc":{"start":{"line":51,"column":4},"end":{"line":158,"column":5}}},{"type":"method","name":"wiredClientService","loc":{"start":{"line":159,"column":4},"end":{"line":169,"column":5}},"decorator":"wire"},{"type":"property","name":"objectInfo","loc":{"start":{"line":171,"column":4},"end":{"line":172,"column":15}},"decorator":"wire"},{"type":"method","name":"CategoryValues","loc":{"start":{"line":173,"column":4},"end":{"line":181,"column":5}},"decorator":"wire"},{"type":"property","name":"columns","loc":{"start":{"line":183,"column":4},"end":{"line":195,"column":6}},"decorator":"track"},{"type":"property","name":"categoryHelpJSON","loc":{"start":{"line":196,"column":4},"end":{"line":198,"column":5}}},{"type":"property","name":"rowOffset","loc":{"start":{"line":199,"column":4},"end":{"line":199,"column":18}}},{"type":"property","name":"listCDL","loc":{"start":{"line":200,"column":4},"end":{"line":200,"column":24}},"decorator":"track"},{"type":"property","name":"listAllDocs","loc":{"start":{"line":201,"column":4},"end":{"line":201,"column":16}}},{"type":"property","name":"selectedDocType","loc":{"start":{"line":202,"column":4},"end":{"line":202,"column":20}}},{"type":"property","name":"draftValues","loc":{"start":{"line":203,"column":4},"end":{"line":203,"column":28}},"decorator":"track"},{"type":"property","name":"acceptedFormats","loc":{"start":{"line":205,"column":4},"end":{"line":207,"column":5}}},{"type":"method","name":"wiredJSONData","loc":{"start":{"line":210,"column":4},"end":{"line":221,"column":5}},"decorator":"wire"},{"type":"method","name":"wiredHelpTextJSON","loc":{"start":{"line":222,"column":4},"end":{"line":230,"column":5}},"decorator":"wire"},{"type":"method","name":"handleChange","loc":{"start":{"line":231,"column":4},"end":{"line":243,"column":5}}},{"type":"method","name":"handleUploadFinished","loc":{"start":{"line":245,"column":4},"end":{"line":287,"column":5}}},{"type":"method","name":"handleSave","loc":{"start":{"line":289,"column":4},"end":{"line":299,"column":5}}},{"type":"method","name":"handleClientCBChange","loc":{"start":{"line":301,"column":4},"end":{"line":303,"column":5}}},{"type":"method","name":"handleHHAccCBChanged","loc":{"start":{"line":304,"column":4},"end":{"line":306,"column":5}}},{"type":"method","name":"handleInpChange","loc":{"start":{"line":307,"column":4},"end":{"line":311,"column":5}}}],"exports":[{"type":"ExportDefaultDeclaration"}]},"updatedAt":"2021-06-18T09:04:19.521Z"},{"_allAttributes":null,"_properties":null,"_methods":null,"file":"c:/Users/prakh/Desktop/Work/ACDHS Dev P2/ACDHS Unit P2/force-app/main/default/lwc/existingHHMembers/existingHHMembers.js","metadata":{"decorators":[{"type":"api","targets":[{"type":"property","name":"recordId","value":{"type":"string"}},{"type":"property","name":"masterList","value":{"type":"array","value":[]}},{"type":"property","name":"existingList","value":{"type":"array","value":[]}},{"type":"method","name":"addToList"}]},{"type":"wire","targets":[{"name":"wiredWrapperData","adapter":{"name":"getExistingHouseholds","reference":"@salesforce/apex/HouseHoldMngmtController.getExistingHouseholds"},"type":"method","static":{},"params":{"clientId":"recordId","accId":"priAccId"}}]}],"declarationLoc":{"start":{"line":4,"column":0},"end":{"line":120,"column":1}},"classMembers":[{"type":"property","name":"recordId","loc":{"start":{"line":5,"column":4},"end":{"line":5,"column":21}},"decorator":"api","value":{"type":"string"}},{"type":"property","name":"priAccId","loc":{"start":{"line":6,"column":4},"end":{"line":6,"column":16}}},{"type":"property","name":"isExistingHHEmpty","loc":{"start":{"line":7,"column":4},"end":{"line":7,"column":29}}},{"type":"property","name":"accDetWrapper","loc":{"start":{"line":8,"column":4},"end":{"line":8,"column":24}}},{"type":"property","name":"accName","loc":{"start":{"line":9,"column":4},"end":{"line":9,"column":15}}},{"type":"property","name":"completeResult","loc":{"start":{"line":10,"column":4},"end":{"line":10,"column":22}}},{"type":"property","name":"masterList","loc":{"start":{"line":11,"column":4},"end":{"line":11,"column":23}},"decorator":"api","value":{"type":"array","value":[]}},{"type":"property","name":"existingList","loc":{"start":{"line":12,"column":4},"end":{"line":12,"column":25}},"decorator":"api","value":{"type":"array","value":[]}},{"type":"property","name":"selectedClientIds","loc":{"start":{"line":13,"column":4},"end":{"line":13,"column":25}}},{"type":"property","name":"firstLoad","loc":{"start":{"line":14,"column":4},"end":{"line":14,"column":21}}},{"type":"method","name":"connectedCallback","loc":{"start":{"line":15,"column":4},"end":{"line":26,"column":5}}},{"type":"method","name":"wiredWrapperData","loc":{"start":{"line":42,"column":4},"end":{"line":72,"column":5}},"decorator":"wire"},{"type":"property","name":"columns","loc":{"start":{"line":75,"column":4},"end":{"line":86,"column":5}}},{"type":"method","name":"handleToggle","loc":{"start":{"line":89,"column":4},"end":{"line":100,"column":5}}},{"type":"method","name":"handleRowSelection","loc":{"start":{"line":102,"column":4},"end":{"line":113,"column":5}}},{"type":"method","name":"addToList","loc":{"start":{"line":114,"column":4},"end":{"line":119,"column":5}},"decorator":"api"}],"exports":[{"type":"ExportDefaultDeclaration"}]},"updatedAt":"2021-06-18T09:04:19.549Z"},{"_allAttributes":null,"_properties":null,"_methods":null,"file":"c:/Users/prakh/Desktop/Work/ACDHS Dev P2/ACDHS Unit P2/force-app/main/default/lwc/hHContainer/hHContainer.js","metadata":{"decorators":[{"type":"api","targets":[{"type":"property","name":"recordId","value":{"type":"string"}}]}],"declarationLoc":{"start":{"line":3,"column":0},"end":{"line":16,"column":1}},"classMembers":[{"type":"property","name":"recordId","loc":{"start":{"line":4,"column":4},"end":{"line":4,"column":21}},"decorator":"api","value":{"type":"string"}},{"type":"property","name":"existingList","loc":{"start":{"line":5,"column":4},"end":{"line":5,"column":20}}},{"type":"method","name":"handleNewMember","loc":{"start":{"line":7,"column":4},"end":{"line":9,"column":5}}},{"type":"method","name":"populateExitsingList","loc":{"start":{"line":10,"column":4},"end":{"line":12,"column":5}}},{"type":"method","name":"handleSelectedClients","loc":{"start":{"line":13,"column":4},"end":{"line":15,"column":5}}}],"exports":[{"type":"ExportDefaultDeclaration"}]},"updatedAt":"2021-06-18T09:04:19.558Z"},{"_allAttributes":null,"_properties":null,"_methods":null,"file":"c:/Users/prakh/Desktop/Work/ACDHS Dev P2/ACDHS Unit P2/force-app/main/default/lwc/houseHoldMngmt/houseHoldMngmt.js","metadata":{"decorators":[{"type":"api","targets":[{"type":"property","name":"recordId","value":{"type":"string"}}]},{"type":"wire","targets":[{"name":"wiredUserInfo","adapter":{"name":"getUserInfo","reference":"@salesforce/apex/userDetails.getUserInfo"},"type":"method","static":{},"params":{"uId":"uID"}},{"name":"wiredWrapperData","adapter":{"name":"getExistingHouseholds","reference":"@salesforce/apex/HouseHoldMngmtController.getExistingHouseholds"},"type":"method","static":{},"params":{"clientId":"recordId","accId":"priAccId"}},{"name":"wiredContactResult","adapter":{"name":"getRecord","reference":"lightning/uiRecordApi"},"type":"method","static":{"fields":{"type":"unresolved","value":"array_expression"}},"params":{"recordId":"clientId"}}]},{"type":"track","targets":[{"name":"gender","type":"property"},{"name":"firstName","type":"property"},{"name":"existingList","type":"property"},{"name":"existingClients","type":"property"}]}],"declarationLoc":{"start":{"line":15,"column":0},"end":{"line":359,"column":1}},"classMembers":[{"type":"property","name":"accName","loc":{"start":{"line":16,"column":4},"end":{"line":16,"column":17}}},{"type":"property","name":"accDetWrapper","loc":{"start":{"line":17,"column":4},"end":{"line":17,"column":25}}},{"type":"property","name":"showLoadingSpinner","loc":{"start":{"line":18,"column":4},"end":{"line":18,"column":31}}},{"type":"property","name":"clientId","loc":{"start":{"line":19,"column":4},"end":{"line":19,"column":17}}},{"type":"property","name":"gender","loc":{"start":{"line":20,"column":4},"end":{"line":20,"column":20}},"decorator":"track"},{"type":"property","name":"firstName","loc":{"start":{"line":21,"column":4},"end":{"line":21,"column":24}},"decorator":"track"},{"type":"property","name":"categoryList","loc":{"start":{"line":22,"column":4},"end":{"line":22,"column":22}}},{"type":"property","name":"relationList","loc":{"start":{"line":23,"column":4},"end":{"line":23,"column":22}}},{"type":"property","name":"ruleMap","loc":{"start":{"line":24,"column":4},"end":{"line":24,"column":17}}},{"type":"property","name":"hideRelationInput","loc":{"start":{"line":25,"column":4},"end":{"line":25,"column":29}}},{"type":"property","name":"relation","loc":{"start":{"line":26,"column":4},"end":{"line":26,"column":17}}},{"type":"property","name":"isPrimary","loc":{"start":{"line":27,"column":4},"end":{"line":27,"column":21}}},{"type":"property","name":"listToSave","loc":{"start":{"line":28,"column":4},"end":{"line":28,"column":20}}},{"type":"property","name":"recordId","loc":{"start":{"line":29,"column":4},"end":{"line":29,"column":23}},"decorator":"api","value":{"type":"string"}},{"type":"property","name":"priAccId","loc":{"start":{"line":30,"column":4},"end":{"line":30,"column":13}}},{"type":"property","name":"tempId","loc":{"start":{"line":31,"column":4},"end":{"line":31,"column":15}}},{"type":"property","name":"lastName","loc":{"start":{"line":33,"column":4},"end":{"line":33,"column":18}}},{"type":"property","name":"selectedClientIds","loc":{"start":{"line":34,"column":4},"end":{"line":34,"column":25}}},{"type":"property","name":"isExistingHHEmpty","loc":{"start":{"line":35,"column":4},"end":{"line":35,"column":30}}},{"type":"property","name":"exitsingPriWrapper","loc":{"start":{"line":36,"column":4},"end":{"line":36,"column":30}}},{"type":"property","name":"existingPriAccName","loc":{"start":{"line":37,"column":4},"end":{"line":37,"column":27}}},{"type":"property","name":"existingPriAccId","loc":{"start":{"line":38,"column":4},"end":{"line":38,"column":25}}},{"type":"property","name":"fullName","loc":{"start":{"line":39,"column":4},"end":{"line":39,"column":16}}},{"type":"property","name":"label","loc":{"start":{"line":40,"column":4},"end":{"line":42,"column":6}}},{"type":"property","name":"uID","loc":{"start":{"line":43,"column":4},"end":{"line":43,"column":15}}},{"type":"property","name":"genderJSON","loc":{"start":{"line":44,"column":4},"end":{"line":49,"column":5}}},{"type":"property","name":"existingList","loc":{"start":{"line":50,"column":4},"end":{"line":50,"column":29}},"decorator":"track"},{"type":"property","name":"existingClients","loc":{"start":{"line":51,"column":4},"end":{"line":51,"column":30}},"decorator":"track"},{"type":"property","name":"showFullName","loc":{"start":{"line":52,"column":4},"end":{"line":52,"column":22}}},{"type":"property","name":"wiredExistingHH","loc":{"start":{"line":53,"column":4},"end":{"line":53,"column":23}}},{"type":"property","name":"showMCITable","loc":{"start":{"line":55,"column":4},"end":{"line":55,"column":25}}},{"type":"method","name":"wiredUserInfo","loc":{"start":{"line":57,"column":4},"end":{"line":69,"column":5}},"decorator":"wire"},{"type":"method","name":"handleSecondaryMemChange","loc":{"start":{"line":71,"column":4},"end":{"line":109,"column":5}}},{"type":"method","name":"wiredWrapperData","loc":{"start":{"line":111,"column":4},"end":{"line":126,"column":5}},"decorator":"wire"},{"type":"method","name":"wiredContactResult","loc":{"start":{"line":129,"column":4},"end":{"line":148,"column":5}},"decorator":"wire"},{"type":"method","name":"connectedCallback","loc":{"start":{"line":150,"column":4},"end":{"line":180,"column":5}}},{"type":"method","name":"selectRelList","loc":{"start":{"line":183,"column":4},"end":{"line":206,"column":5}}},{"type":"method","name":"handleCBChange","loc":{"start":{"line":208,"column":4},"end":{"line":229,"column":5}}},{"type":"method","name":"handleSave","loc":{"start":{"line":231,"column":4},"end":{"line":299,"column":5}}},{"type":"method","name":"handleClear","loc":{"start":{"line":301,"column":4},"end":{"line":313,"column":5}}},{"type":"method","name":"closeMCITable","loc":{"start":{"line":315,"column":4},"end":{"line":317,"column":5}}}],"exports":[{"type":"ExportDefaultDeclaration"}]},"updatedAt":"2021-06-18T09:04:19.562Z"},{"_allAttributes":null,"_properties":null,"_methods":null,"file":"c:/Users/prakh/Desktop/Work/ACDHS Dev P2/ACDHS Unit P2/force-app/main/default/lwc/irt_ConcernsSelection/irt_ConcernsSelection.js","metadata":{"decorators":[{"type":"api","targets":[{"type":"property","name":"selectedPrimReasonId","value":{"type":"unresolved"}}]},{"type":"wire","targets":[{"name":"spServiceMetadata","adapter":{"name":"getObjectInfo","reference":"lightning/uiObjectInfoApi"},"type":"property","static":{"objectApiName":{"value":"@salesforce/schema/SP_Service__c","type":"module"}},"params":{}},{"name":"wiredPicklist","adapter":{"name":"getPicklistValues","reference":"lightning/uiObjectInfoApi"},"type":"method","static":{"fieldApiName":{"value":"@salesforce/schema/SP_Service__c.Concerns__c","type":"module"}},"params":{"recordTypeId":"spServiceMetadata.data.defaultRecordTypeId"}}]},{"type":"track","targets":[{"name":"selectedValues","type":"property"},{"name":"checkboxGroupData","type":"property"}]}],"declarationLoc":{"start":{"line":8,"column":0},"end":{"line":84,"column":1}},"classMembers":[{"type":"property","name":"selectedPrimReasonId","loc":{"start":{"line":9,"column":4},"end":{"line":9,"column":30}},"decorator":"api","value":{"type":"unresolved"}},{"type":"property","name":"value","loc":{"start":{"line":10,"column":4},"end":{"line":10,"column":15}}},{"type":"property","name":"selectedValues","loc":{"start":{"line":11,"column":4},"end":{"line":11,"column":31}},"decorator":"track"},{"type":"property","name":"spServiceMetadata","loc":{"start":{"line":13,"column":4},"end":{"line":14,"column":22}},"decorator":"wire"},{"type":"property","name":"checkboxGroupData","loc":{"start":{"line":15,"column":4},"end":{"line":15,"column":34}},"decorator":"track"},{"type":"method","name":"wiredPicklist","loc":{"start":{"line":17,"column":4},"end":{"line":30,"column":5}},"decorator":"wire"},{"type":"method","name":"handleChange","loc":{"start":{"line":32,"column":4},"end":{"line":46,"column":5}}},{"type":"method","name":"handleSubmit","loc":{"start":{"line":48,"column":4},"end":{"line":72,"column":5}}},{"type":"method","name":"handleBack","loc":{"start":{"line":74,"column":4},"end":{"line":77,"column":5}}},{"type":"method","name":"handleSubmitToConfirm","loc":{"start":{"line":79,"column":4},"end":{"line":83,"column":5}}}],"exports":[{"type":"ExportDefaultDeclaration"}]},"updatedAt":"2021-06-18T09:04:19.678Z"},{"_allAttributes":null,"_properties":null,"_methods":null,"file":"c:/Users/prakh/Desktop/Work/ACDHS Dev P2/ACDHS Unit P2/force-app/main/default/lwc/irt_Container/irt_Container.js","metadata":{"decorators":[{"type":"wire","targets":[{"name":"wiredUserDetails","adapter":{"name":"getUserDetails","reference":"@salesforce/apex/SPPortalContainerCntrl.getUserDetails"},"type":"method","static":{},"params":{"userId":"userId"}},{"name":"wiredIRTSettings","adapter":{"name":"getIRTSettings","reference":"@salesforce/apex/IRT_LWC_Cntrl.getIRTSettings"},"type":"method"}]},{"type":"track","targets":[{"name":"steps","type":"property"},{"name":"referralFields","type":"property"},{"name":"clientIds","type":"property"},{"name":"selectedConcerns","type":"property"}]}],"declarationLoc":{"start":{"line":11,"column":0},"end":{"line":199,"column":1}},"classMembers":[{"type":"property","name":"error","loc":{"start":{"line":12,"column":4},"end":{"line":12,"column":10}}},{"type":"property","name":"progressStyle","loc":{"start":{"line":13,"column":4},"end":{"line":13,"column":36}}},{"type":"property","name":"steps","loc":{"start":{"line":14,"column":4},"end":{"line":35,"column":6}},"decorator":"track"},{"type":"property","name":"userId","loc":{"start":{"line":36,"column":4},"end":{"line":36,"column":21}}},{"type":"property","name":"showQuestionnaire","loc":{"start":{"line":37,"column":4},"end":{"line":37,"column":30}}},{"type":"property","name":"accId","loc":{"start":{"line":38,"column":4},"end":{"line":38,"column":10}}},{"type":"property","name":"conId","loc":{"start":{"line":38,"column":11},"end":{"line":38,"column":17}}},{"type":"property","name":"userLic","loc":{"start":{"line":38,"column":18},"end":{"line":38,"column":31}}},{"type":"property","name":"profileName","loc":{"start":{"line":38,"column":32},"end":{"line":38,"column":44}}},{"type":"property","name":"showReferralForm","loc":{"start":{"line":39,"column":4},"end":{"line":39,"column":28}}},{"type":"property","name":"showPrimaryReason","loc":{"start":{"line":39,"column":29},"end":{"line":39,"column":55}}},{"type":"property","name":"showConcerns","loc":{"start":{"line":39,"column":56},"end":{"line":39,"column":77}}},{"type":"property","name":"showConfirmation","loc":{"start":{"line":39,"column":78},"end":{"line":39,"column":103}}},{"type":"property","name":"selectedRefType","loc":{"start":{"line":40,"column":4},"end":{"line":40,"column":25}}},{"type":"property","name":"selectedClientId","loc":{"start":{"line":40,"column":26},"end":{"line":40,"column":48}}},{"type":"property","name":"referralFields","loc":{"start":{"line":40,"column":49},"end":{"line":40,"column":76}},"decorator":"track"},{"type":"property","name":"clientIds","loc":{"start":{"line":40,"column":77},"end":{"line":40,"column":99}},"decorator":"track"},{"type":"property","name":"backToRefForm","loc":{"start":{"line":40,"column":100},"end":{"line":40,"column":122}}},{"type":"property","name":"refFormFields","loc":{"start":{"line":41,"column":4},"end":{"line":41,"column":18}}},{"type":"property","name":"selectedPrimReasonId","loc":{"start":{"line":42,"column":4},"end":{"line":42,"column":25}}},{"type":"property","name":"selectedPrimReasonName","loc":{"start":{"line":42,"column":26},"end":{"line":42,"column":49}}},{"type":"property","name":"selectedConcerns","loc":{"start":{"line":43,"column":4},"end":{"line":43,"column":33}},"decorator":"track"},{"type":"property","name":"refURL","loc":{"start":{"line":44,"column":4},"end":{"line":44,"column":11}}},{"type":"property","name":"refNumber","loc":{"start":{"line":44,"column":12},"end":{"line":44,"column":22}}},{"type":"property","name":"showSuccess","loc":{"start":{"line":44,"column":23},"end":{"line":44,"column":43}}},{"type":"method","name":"wiredUserDetails","loc":{"start":{"line":51,"column":4},"end":{"line":85,"column":5}},"decorator":"wire"},{"type":"method","name":"wiredIRTSettings","loc":{"start":{"line":87,"column":4},"end":{"line":99,"column":5}},"decorator":"wire"},{"type":"method","name":"handleReferralSubmit","loc":{"start":{"line":101,"column":4},"end":{"line":126,"column":5}}},{"type":"method","name":"handleBackToRefForm","loc":{"start":{"line":128,"column":4},"end":{"line":135,"column":5}}},{"type":"method","name":"handlePrimReasonSelected","loc":{"start":{"line":137,"column":4},"end":{"line":145,"column":5}}},{"type":"method","name":"handleBackToPrimReason","loc":{"start":{"line":147,"column":4},"end":{"line":153,"column":5}}},{"type":"method","name":"handleConcernsSelected","loc":{"start":{"line":155,"column":4},"end":{"line":163,"column":5}}},{"type":"method","name":"submitReferral","loc":{"start":{"line":165,"column":4},"end":{"line":198,"column":5}}}],"exports":[{"type":"ExportDefaultDeclaration"}]},"updatedAt":"2021-06-18T09:04:19.683Z"},{"_allAttributes":null,"_properties":null,"_methods":null,"file":"c:/Users/prakh/Desktop/Work/ACDHS Dev P2/ACDHS Unit P2/force-app/main/default/lwc/irt_ReferralForm/irt_ReferralForm.js","metadata":{"decorators":[{"type":"api","targets":[{"type":"property","name":"clientId","value":{"type":"string"}},{"type":"property","name":"selectedRefType","value":{"type":"unresolved"}},{"type":"property","name":"fromBack","value":{"type":"boolean","value":false}},{"type":"property","name":"refFormFields","value":{"type":"unresolved"}}]},{"type":"wire","targets":[{"name":"wiredContactData","adapter":{"name":"getRecord","reference":"lightning/uiRecordApi"},"type":"method","static":{"fields":{"type":"unresolved","value":"identifier"}},"params":{"recordId":"clientId"}}]},{"type":"track","targets":[{"name":"existingHHMList","type":"property"},{"name":"primRefFields","type":"property"},{"name":"selectedHHM","type":"property"}]}],"declarationLoc":{"start":{"line":8,"column":0},"end":{"line":361,"column":1}},"classMembers":[{"type":"property","name":"isLoading","loc":{"start":{"line":9,"column":4},"end":{"line":9,"column":22}}},{"type":"property","name":"error","loc":{"start":{"line":10,"column":4},"end":{"line":10,"column":10}}},{"type":"property","name":"optionsRefType","loc":{"start":{"line":11,"column":4},"end":{"line":17,"column":5}}},{"type":"property","name":"showTypeSelection","loc":{"start":{"line":18,"column":4},"end":{"line":18,"column":29}}},{"type":"property","name":"showInd","loc":{"start":{"line":18,"column":30},"end":{"line":18,"column":46}}},{"type":"property","name":"showHH","loc":{"start":{"line":18,"column":47},"end":{"line":18,"column":62}}},{"type":"property","name":"showIndHH","loc":{"start":{"line":18,"column":63},"end":{"line":18,"column":81}}},{"type":"property","name":"disableNext","loc":{"start":{"line":18,"column":82},"end":{"line":18,"column":101}}},{"type":"property","name":"disableBack","loc":{"start":{"line":18,"column":102},"end":{"line":18,"column":121}}},{"type":"property","name":"refDateVal","loc":{"start":{"line":19,"column":4},"end":{"line":19,"column":15}}},{"type":"property","name":"fNameVal","loc":{"start":{"line":19,"column":16},"end":{"line":19,"column":25}}},{"type":"property","name":"cNameVal","loc":{"start":{"line":19,"column":26},"end":{"line":19,"column":35}}},{"type":"property","name":"lNameVal","loc":{"start":{"line":19,"column":36},"end":{"line":19,"column":45}}},{"type":"property","name":"pronounVal","loc":{"start":{"line":19,"column":46},"end":{"line":19,"column":57}}},{"type":"property","name":"dobVal","loc":{"start":{"line":19,"column":58},"end":{"line":19,"column":65}}},{"type":"property","name":"approxAgeVal","loc":{"start":{"line":19,"column":66},"end":{"line":19,"column":79}}},{"type":"property","name":"legalSexVal","loc":{"start":{"line":19,"column":80},"end":{"line":19,"column":92}}},{"type":"property","name":"ssnVal","loc":{"start":{"line":19,"column":93},"end":{"line":19,"column":100}}},{"type":"property","name":"addTypeVal","loc":{"start":{"line":19,"column":101},"end":{"line":19,"column":112}}},{"type":"property","name":"stAdd1Val","loc":{"start":{"line":19,"column":113},"end":{"line":19,"column":123}}},{"type":"property","name":"stAdd2Val","loc":{"start":{"line":19,"column":124},"end":{"line":19,"column":134}}},{"type":"property","name":"cityVal","loc":{"start":{"line":19,"column":135},"end":{"line":19,"column":143}}},{"type":"property","name":"countyVal","loc":{"start":{"line":19,"column":144},"end":{"line":19,"column":154}}},{"type":"property","name":"stateVal","loc":{"start":{"line":19,"column":155},"end":{"line":19,"column":164}}},{"type":"property","name":"zipVal","loc":{"start":{"line":19,"column":165},"end":{"line":19,"column":172}}},{"type":"property","name":"phoneTypeVal","loc":{"start":{"line":19,"column":173},"end":{"line":19,"column":186}}},{"type":"property","name":"phoneVal","loc":{"start":{"line":19,"column":187},"end":{"line":19,"column":196}}},{"type":"property","name":"emailVal","loc":{"start":{"line":19,"column":197},"end":{"line":19,"column":206}}},{"type":"property","name":"mciVal","loc":{"start":{"line":19,"column":207},"end":{"line":19,"column":214}}},{"type":"property","name":"refReasonVal","loc":{"start":{"line":19,"column":215},"end":{"line":19,"column":228}}},{"type":"property","name":"hhMemVal","loc":{"start":{"line":19,"column":229},"end":{"line":19,"column":238}}},{"type":"property","name":"hhIncomeVal","loc":{"start":{"line":19,"column":239},"end":{"line":19,"column":251}}},{"type":"property","name":"rbFNameVal","loc":{"start":{"line":19,"column":252},"end":{"line":19,"column":263}}},{"type":"property","name":"rbLNameVal","loc":{"start":{"line":19,"column":264},"end":{"line":19,"column":275}}},{"type":"property","name":"rbOrgVal","loc":{"start":{"line":19,"column":276},"end":{"line":19,"column":285}}},{"type":"property","name":"rbMobileVal","loc":{"start":{"line":19,"column":286},"end":{"line":19,"column":298}}},{"type":"property","name":"rbEmailVal","loc":{"start":{"line":19,"column":299},"end":{"line":19,"column":310}}},{"type":"property","name":"rbSourceNameVal","loc":{"start":{"line":19,"column":311},"end":{"line":19,"column":327}}},{"type":"property","name":"rbSelfVal","loc":{"start":{"line":19,"column":328},"end":{"line":19,"column":338}}},{"type":"property","name":"confVal","loc":{"start":{"line":19,"column":339},"end":{"line":19,"column":347}}},{"type":"property","name":"ssnFormVal","loc":{"start":{"line":19,"column":348},"end":{"line":19,"column":359}}},{"type":"property","name":"clientId","loc":{"start":{"line":20,"column":4},"end":{"line":20,"column":23}},"decorator":"api","value":{"type":"string"}},{"type":"property","name":"selectedRefType","loc":{"start":{"line":20,"column":24},"end":{"line":20,"column":45}},"decorator":"api","value":{"type":"unresolved"}},{"type":"property","name":"fromBack","loc":{"start":{"line":20,"column":46},"end":{"line":20,"column":68}},"decorator":"api","value":{"type":"boolean","value":false}},{"type":"property","name":"refFormFields","loc":{"start":{"line":20,"column":69},"end":{"line":20,"column":88}},"decorator":"api","value":{"type":"unresolved"}},{"type":"property","name":"existingHHMList","loc":{"start":{"line":21,"column":4},"end":{"line":21,"column":32}},"decorator":"track"},{"type":"property","name":"openAddHHModal","loc":{"start":{"line":22,"column":4},"end":{"line":22,"column":27}}},{"type":"property","name":"primRefFields","loc":{"start":{"line":23,"column":4},"end":{"line":23,"column":30}},"decorator":"track"},{"type":"property","name":"selectedHHM","loc":{"start":{"line":24,"column":4},"end":{"line":24,"column":23}},"decorator":"track"},{"type":"property","name":"mciCleared","loc":{"start":{"line":25,"column":4},"end":{"line":25,"column":23}}},{"type":"property","name":"showMCITable","loc":{"start":{"line":25,"column":24},"end":{"line":25,"column":45}}},{"type":"property","name":"initialRender","loc":{"start":{"line":26,"column":4},"end":{"line":26,"column":25}}},{"type":"property","name":"referredByDisable","loc":{"start":{"line":27,"column":4},"end":{"line":27,"column":30}}},{"type":"property","name":"renderRefBy","loc":{"start":{"line":27,"column":31},"end":{"line":27,"column":50}}},{"type":"property","name":"renderHHMval","loc":{"start":{"line":28,"column":4},"end":{"line":28,"column":24}}},{"type":"property","name":"renderHHIncomeval","loc":{"start":{"line":28,"column":25},"end":{"line":28,"column":50}}},{"type":"property","name":"renderSSNval","loc":{"start":{"line":29,"column":4},"end":{"line":29,"column":23}}},{"type":"method","name":"renderedCallback","loc":{"start":{"line":31,"column":4},"end":{"line":77,"column":5}}},{"type":"method","name":"handleRefTypeChange","loc":{"start":{"line":79,"column":4},"end":{"line":97,"column":5}}},{"type":"method","name":"handleBack","loc":{"start":{"line":99,"column":4},"end":{"line":109,"column":5}}},{"type":"method","name":"clearFormValues","loc":{"start":{"line":111,"column":4},"end":{"line":113,"column":5}}},{"type":"method","name":"handleFormLoad","loc":{"start":{"line":115,"column":4},"end":{"line":117,"column":5}}},{"type":"method","name":"handleClientChange","loc":{"start":{"line":119,"column":4},"end":{"line":132,"column":5}}},{"type":"method","name":"wiredContactData","loc":{"start":{"line":134,"column":4},"end":{"line":182,"column":5}},"decorator":"wire"},{"type":"method","name":"dobChange","loc":{"start":{"line":184,"column":4},"end":{"line":204,"column":5}}},{"type":"method","name":"calculateApproxAge","loc":{"start":{"line":206,"column":4},"end":{"line":214,"column":5}}},{"type":"method","name":"formatSSN","loc":{"start":{"line":216,"column":4},"end":{"line":234,"column":5}}},{"type":"method","name":"startFormatSSN","loc":{"start":{"line":236,"column":4},"end":{"line":261,"column":5}}},{"type":"method","name":"isNumeric","loc":{"start":{"line":263,"column":4},"end":{"line":267,"column":7}}},{"type":"method","name":"handleFormSubmit","loc":{"start":{"line":269,"column":4},"end":{"line":280,"column":5}}},{"type":"method","name":"handleFormSuccess","loc":{"start":{"line":282,"column":4},"end":{"line":282,"column":27}}},{"type":"method","name":"handleFormError","loc":{"start":{"line":284,"column":4},"end":{"line":284,"column":25}}},{"type":"method","name":"handleDispatchRefData","loc":{"start":{"line":286,"column":4},"end":{"line":290,"column":5}}},{"type":"method","name":"handleExistingHHMLoad","loc":{"start":{"line":292,"column":4},"end":{"line":295,"column":5}}},{"type":"method","name":"handleAddNewHHMember","loc":{"start":{"line":297,"column":4},"end":{"line":299,"column":5}}},{"type":"method","name":"closeModal","loc":{"start":{"line":301,"column":4},"end":{"line":303,"column":5}}},{"type":"method","name":"handleSelectedHHM","loc":{"start":{"line":305,"column":4},"end":{"line":308,"column":5}}},{"type":"method","name":"handleNewHHMember","loc":{"start":{"line":310,"column":4},"end":{"line":312,"column":5}}},{"type":"method","name":"handleRefDateChange","loc":{"start":{"line":314,"column":4},"end":{"line":328,"column":5}}},{"type":"method","name":"handleGetMciID","loc":{"start":{"line":330,"column":4},"end":{"line":332,"column":5}}},{"type":"method","name":"closeMCITable","loc":{"start":{"line":334,"column":4},"end":{"line":336,"column":5}}},{"type":"method","name":"handleSelfRefChange","loc":{"start":{"line":338,"column":4},"end":{"line":342,"column":5}}},{"type":"method","name":"hhmValChange","loc":{"start":{"line":344,"column":4},"end":{"line":351,"column":5}}},{"type":"method","name":"hhIncomeValChange","loc":{"start":{"line":353,"column":4},"end":{"line":360,"column":5}}}],"exports":[{"type":"ExportDefaultDeclaration"}]},"updatedAt":"2021-06-18T09:04:19.686Z"},{"_allAttributes":null,"_properties":null,"_methods":null,"file":"c:/Users/prakh/Desktop/Work/ACDHS Dev P2/ACDHS Unit P2/force-app/main/default/lwc/irt_SelectPrimaryReason/irt_SelectPrimaryReason.js","metadata":{"decorators":[{"type":"api","targets":[{"type":"property","name":"showQuestionnaire","value":{"type":"boolean","value":false}},{"type":"property","name":"conId","value":{"type":"unresolved"}},{"type":"property","name":"refType","value":{"type":"unresolved"}}]},{"type":"wire","targets":[{"name":"wiredPrimReason","adapter":{"name":"getPrimaryReasons","reference":"@salesforce/apex/IRT_LWC_Cntrl.getPrimaryReasons"},"type":"method","static":{},"params":{"conId":"conId","refType":"refType"}}]},{"type":"track","targets":[{"name":"primReasonList","type":"property"}]}],"declarationLoc":{"start":{"line":4,"column":0},"end":{"line":70,"column":1}},"classMembers":[{"type":"property","name":"error","loc":{"start":{"line":5,"column":4},"end":{"line":5,"column":10}}},{"type":"property","name":"showQuestionnaire","loc":{"start":{"line":6,"column":4},"end":{"line":6,"column":35}},"decorator":"api","value":{"type":"boolean","value":false}},{"type":"property","name":"conId","loc":{"start":{"line":6,"column":36},"end":{"line":6,"column":47}},"decorator":"api","value":{"type":"unresolved"}},{"type":"property","name":"refType","loc":{"start":{"line":6,"column":48},"end":{"line":6,"column":61}},"decorator":"api","value":{"type":"unresolved"}},{"type":"property","name":"selectPrimReason","loc":{"start":{"line":7,"column":4},"end":{"line":7,"column":28}}},{"type":"property","name":"disableNext","loc":{"start":{"line":8,"column":4},"end":{"line":8,"column":23}}},{"type":"property","name":"isLoading","loc":{"start":{"line":8,"column":24},"end":{"line":8,"column":41}}},{"type":"property","name":"primReasonList","loc":{"start":{"line":9,"column":4},"end":{"line":9,"column":31}},"decorator":"track"},{"type":"property","name":"seletedPrimReasonId","loc":{"start":{"line":10,"column":4},"end":{"line":10,"column":24}}},{"type":"property","name":"selectedPrimReasonName","loc":{"start":{"line":10,"column":25},"end":{"line":10,"column":48}}},{"type":"method","name":"wiredPrimReason","loc":{"start":{"line":12,"column":4},"end":{"line":31,"column":5}},"decorator":"wire"},{"type":"method","name":"handleBack","loc":{"start":{"line":33,"column":4},"end":{"line":36,"column":5}}},{"type":"method","name":"handleClick","loc":{"start":{"line":38,"column":4},"end":{"line":55,"column":5}}},{"type":"method","name":"handleNext","loc":{"start":{"line":57,"column":4},"end":{"line":63,"column":5}}},{"type":"method","name":"handlePrimReasonComplete","loc":{"start":{"line":65,"column":4},"end":{"line":69,"column":5}}}],"exports":[{"type":"ExportDefaultDeclaration"}]},"updatedAt":"2021-06-18T09:04:19.690Z"},{"_allAttributes":null,"_properties":null,"_methods":null,"file":"c:/Users/prakh/Desktop/Work/ACDHS Dev P2/ACDHS Unit P2/force-app/main/default/lwc/launch_mci_clearance/launch_mci_clearance.js","metadata":{"decorators":[{"type":"api","targets":[{"type":"property","name":"recordId","value":{"type":"unresolved"}},{"type":"property","name":"openModal","value":{"type":"boolean","value":false}},{"type":"property","name":"source","value":{"type":"unresolved"}}]},{"type":"wire","targets":[{"name":"wiredClientData","adapter":{"name":"getRecord","reference":"lightning/uiRecordApi"},"type":"method","static":{"fields":{"type":"unresolved","value":"identifier"}},"params":{"recordId":"recordId"}}]}],"declarationLoc":{"start":{"line":6,"column":0},"end":{"line":44,"column":1}},"classMembers":[{"type":"property","name":"error","loc":{"start":{"line":7,"column":4},"end":{"line":7,"column":10}}},{"type":"property","name":"recordId","loc":{"start":{"line":8,"column":4},"end":{"line":8,"column":18}},"decorator":"api","value":{"type":"unresolved"}},{"type":"property","name":"openModal","loc":{"start":{"line":9,"column":4},"end":{"line":9,"column":27}},"decorator":"api","value":{"type":"boolean","value":false}},{"type":"property","name":"source","loc":{"start":{"line":10,"column":4},"end":{"line":10,"column":16}},"decorator":"api","value":{"type":"unresolved"}},{"type":"property","name":"fromHHCmp","loc":{"start":{"line":11,"column":4},"end":{"line":11,"column":22}}},{"type":"method","name":"wiredClientData","loc":{"start":{"line":13,"column":4},"end":{"line":34,"column":5}},"decorator":"wire"},{"type":"method","name":"closeModal","loc":{"start":{"line":36,"column":4},"end":{"line":43,"column":5}}}],"exports":[{"type":"ExportDefaultDeclaration"}]},"updatedAt":"2021-06-18T09:04:19.672Z"},{"_allAttributes":null,"_properties":null,"_methods":null,"file":"c:/Users/prakh/Desktop/Work/ACDHS Dev P2/ACDHS Unit P2/force-app/main/default/lwc/lookup/lookup.js","metadata":{"decorators":[{"type":"api","targets":[{"type":"property","name":"variant","value":{"type":"unresolved"}},{"type":"property","name":"label","value":{"type":"string"}},{"type":"property","name":"required","value":{"type":"boolean","value":false}},{"type":"property","name":"disabled","value":{"type":"boolean","value":false}},{"type":"property","name":"placeholder","value":{"type":"string"}},{"type":"property","name":"isMultiEntry","value":{"type":"boolean","value":false}},{"type":"property","name":"errors","value":{"type":"array","value":[]}},{"type":"property","name":"scrollAfterNItems","value":{"type":"null","value":null}},{"type":"property","name":"newRecordOptions","value":{"type":"array","value":[]}},{"type":"property","name":"minSearchTermLength","value":{"type":"number","value":2}},{"type":"property","name":"selection"},{"type":"method","name":"setSearchResults"},{"type":"method","name":"getSelection"},{"type":"method","name":"setDefaultResults"}]}],"exports":[{"type":"ExportDefaultDeclaration"}]},"updatedAt":"2021-06-18T09:04:19.675Z"},{"_allAttributes":null,"_properties":null,"_methods":null,"file":"c:/Users/prakh/Desktop/Work/ACDHS Dev P2/ACDHS Unit P2/force-app/main/default/lwc/mci_clearance/mci_clearance.js","metadata":{"decorators":[{"type":"api","targets":[{"type":"property","name":"recordId","value":{"type":"unresolved"}}]},{"type":"wire","targets":[{"name":"wiredClientData","adapter":{"name":"getRecord","reference":"lightning/uiRecordApi"},"type":"method","static":{"fields":{"type":"unresolved","value":"identifier"}},"params":{"recordId":"recordId"}}]},{"type":"track","targets":[{"name":"columns","type":"property"},{"name":"clientData","type":"property"}]}],"declarationLoc":{"start":{"line":14,"column":0},"end":{"line":350,"column":1}},"classMembers":[{"type":"property","name":"isLoading","loc":{"start":{"line":15,"column":4},"end":{"line":15,"column":22}}},{"type":"property","name":"error","loc":{"start":{"line":16,"column":4},"end":{"line":16,"column":10}}},{"type":"property","name":"recordId","loc":{"start":{"line":17,"column":4},"end":{"line":17,"column":18}},"decorator":"api","value":{"type":"unresolved"}},{"type":"property","name":"clientIdVal","loc":{"start":{"line":18,"column":4},"end":{"line":18,"column":16}}},{"type":"property","name":"fNameVal","loc":{"start":{"line":18,"column":17},"end":{"line":18,"column":26}}},{"type":"property","name":"lNameVal","loc":{"start":{"line":18,"column":27},"end":{"line":18,"column":36}}},{"type":"property","name":"dobVal","loc":{"start":{"line":18,"column":37},"end":{"line":18,"column":44}}},{"type":"property","name":"legalSexVal","loc":{"start":{"line":18,"column":45},"end":{"line":18,"column":57}}},{"type":"property","name":"ssnVal","loc":{"start":{"line":18,"column":58},"end":{"line":18,"column":65}}},{"type":"property","name":"columns","loc":{"start":{"line":19,"column":4},"end":{"line":28,"column":6}},"decorator":"track"},{"type":"property","name":"clientData","loc":{"start":{"line":29,"column":4},"end":{"line":29,"column":27}},"decorator":"track"},{"type":"property","name":"disableUpdateButton","loc":{"start":{"line":30,"column":4},"end":{"line":30,"column":31}}},{"type":"property","name":"maxScore","loc":{"start":{"line":31,"column":4},"end":{"line":31,"column":17}}},{"type":"property","name":"clientExist","loc":{"start":{"line":32,"column":4},"end":{"line":32,"column":23}}},{"type":"property","name":"errorMessage","loc":{"start":{"line":32,"column":24},"end":{"line":32,"column":37}}},{"type":"property","name":"noRecord","loc":{"start":{"line":33,"column":4},"end":{"line":33,"column":21}}},{"type":"property","name":"noAccess","loc":{"start":{"line":33,"column":22},"end":{"line":33,"column":39}}},{"type":"method","name":"wiredClientData","loc":{"start":{"line":36,"column":4},"end":{"line":85,"column":5}},"decorator":"wire"},{"type":"method","name":"startClearence","loc":{"start":{"line":87,"column":4},"end":{"line":147,"column":5}}},{"type":"method","name":"handleUpdateButton","loc":{"start":{"line":149,"column":4},"end":{"line":164,"column":5}}},{"type":"method","name":"updateMciID","loc":{"start":{"line":166,"column":4},"end":{"line":207,"column":5}}},{"type":"method","name":"handleCancelButton","loc":{"start":{"line":209,"column":4},"end":{"line":212,"column":5}}},{"type":"method","name":"handleCreateButton","loc":{"start":{"line":214,"column":4},"end":{"line":232,"column":5}}},{"type":"method","name":"createNewMCI","loc":{"start":{"line":234,"column":4},"end":{"line":289,"column":5}}},{"type":"method","name":"updateDataBackToMCI","loc":{"start":{"line":291,"column":4},"end":{"line":349,"column":5}}}],"exports":[{"type":"ExportDefaultDeclaration"}]},"updatedAt":"2021-06-18T09:04:19.633Z"},{"_allAttributes":null,"_properties":null,"_methods":null,"file":"c:/Users/prakh/Desktop/Work/ACDHS Dev P2/ACDHS Unit P2/force-app/main/default/lwc/recordInteractions/recordInteractions.js","metadata":{"decorators":[{"type":"api","targets":[{"type":"property","name":"recordId","value":{"type":"unresolved"}},{"type":"property","name":"objectApiName","value":{"type":"unresolved"}}]},{"type":"wire","targets":[{"name":"wiredUserInfo","adapter":{"name":"getUserInfo","reference":"@salesforce/apex/userDetails.getUserInfo"},"type":"method","static":{},"params":{"uId":"uID"}},{"name":"wiredObjectData","adapter":{"name":"getObjectInfo","reference":"lightning/uiObjectInfoApi"},"type":"method","static":{"objectApiName":{"value":"@salesforce/schema/Encounter__c","type":"module"}},"params":{}}]},{"type":"track","targets":[{"name":"selectedRTId","type":"property"}]}],"declarationLoc":{"start":{"line":10,"column":0},"end":{"line":150,"column":1}},"classMembers":[{"type":"property","name":"error","loc":{"start":{"line":11,"column":4},"end":{"line":11,"column":10}}},{"type":"property","name":"startDateTime","loc":{"start":{"line":12,"column":4},"end":{"line":12,"column":23}}},{"type":"property","name":"stopDateTime","loc":{"start":{"line":13,"column":4},"end":{"line":13,"column":22}}},{"type":"property","name":"stopDisabled","loc":{"start":{"line":14,"column":4},"end":{"line":14,"column":24}}},{"type":"property","name":"createdEncounterId","loc":{"start":{"line":15,"column":4},"end":{"line":15,"column":28}}},{"type":"property","name":"recordId","loc":{"start":{"line":16,"column":4},"end":{"line":16,"column":18}},"decorator":"api","value":{"type":"unresolved"}},{"type":"property","name":"objectApiName","loc":{"start":{"line":17,"column":4},"end":{"line":17,"column":23}},"decorator":"api","value":{"type":"unresolved"}},{"type":"property","name":"hasAccess","loc":{"start":{"line":18,"column":4},"end":{"line":18,"column":22}}},{"type":"property","name":"renderCmp","loc":{"start":{"line":19,"column":4},"end":{"line":19,"column":21}}},{"type":"property","name":"recordTypeId","loc":{"start":{"line":20,"column":4},"end":{"line":20,"column":22}}},{"type":"property","name":"allRTInfo","loc":{"start":{"line":21,"column":4},"end":{"line":21,"column":19}}},{"type":"property","name":"selectedRTId","loc":{"start":{"line":22,"column":4},"end":{"line":22,"column":29}},"decorator":"track"},{"type":"property","name":"isSaveDisabled","loc":{"start":{"line":23,"column":4},"end":{"line":23,"column":27}}},{"type":"property","name":"uID","loc":{"start":{"line":24,"column":4},"end":{"line":24,"column":15}}},{"type":"property","name":"pURL","loc":{"start":{"line":25,"column":4},"end":{"line":25,"column":19}}},{"type":"property","name":"userProfile","loc":{"start":{"line":26,"column":4},"end":{"line":26,"column":19}}},{"type":"method","name":"wiredUserInfo","loc":{"start":{"line":28,"column":4},"end":{"line":42,"column":5}},"decorator":"wire"},{"type":"method","name":"wiredObjectData","loc":{"start":{"line":43,"column":4},"end":{"line":66,"column":5}},"decorator":"wire"},{"type":"method","name":"connectedCallback","loc":{"start":{"line":67,"column":4},"end":{"line":82,"column":5}}},{"type":"method","name":"handleStartClick","loc":{"start":{"line":83,"column":4},"end":{"line":87,"column":5}}},{"type":"method","name":"handleStopClick","loc":{"start":{"line":88,"column":4},"end":{"line":91,"column":5}}},{"type":"method","name":"handleSave","loc":{"start":{"line":92,"column":4},"end":{"line":106,"column":5}}},{"type":"method","name":"enableStop","loc":{"start":{"line":107,"column":4},"end":{"line":115,"column":5}}},{"type":"method","name":"handleClear","loc":{"start":{"line":116,"column":4},"end":{"line":123,"column":5}}},{"type":"method","name":"handleSuccess","loc":{"start":{"line":124,"column":4},"end":{"line":144,"column":5}}},{"type":"method","name":"handleError","loc":{"start":{"line":145,"column":4},"end":{"line":149,"column":5}}}],"exports":[{"type":"ExportDefaultDeclaration"}]},"updatedAt":"2021-06-18T09:04:19.654Z"},{"_allAttributes":null,"_properties":null,"_methods":null,"file":"c:/Users/prakh/Desktop/Work/ACDHS Dev P2/ACDHS Unit P2/force-app/main/default/lwc/softDeleteRecord/softDeleteRecord.js","metadata":{"decorators":[{"type":"api","targets":[{"type":"property","name":"recordId","value":{"type":"unresolved"}},{"type":"property","name":"objectApiName","value":{"type":"unresolved"}}]},{"type":"wire","targets":[{"name":"wiredUserInfo","adapter":{"name":"getUserInfo","reference":"@salesforce/apex/userDetails.getUserInfo"},"type":"method","static":{},"params":{"uId":"uID"}},{"name":"wiredUserValid","adapter":{"name":"validUser","reference":"@salesforce/apex/userDetails.validUser"},"type":"method"},{"name":"wiredUserDetails","adapter":{"name":"checkAccess","reference":"@salesforce/apex/userDetails.checkAccess"},"type":"method","static":{},"params":{"recId":"recordId"}}]},{"type":"track","targets":[{"name":"isModalOpen","type":"property"},{"name":"porURL","type":"property"},{"name":"userTitle","type":"property"},{"name":"userProfile","type":"property"}]}],"declarationLoc":{"start":{"line":18,"column":0},"end":{"line":233,"column":1}},"classMembers":[{"type":"property","name":"recordId","loc":{"start":{"line":19,"column":0},"end":{"line":19,"column":14}},"decorator":"api","value":{"type":"unresolved"}},{"type":"property","name":"objectApiName","loc":{"start":{"line":20,"column":0},"end":{"line":20,"column":19}},"decorator":"api","value":{"type":"unresolved"}},{"type":"property","name":"isModalOpen","loc":{"start":{"line":21,"column":0},"end":{"line":21,"column":27}},"decorator":"track"},{"type":"property","name":"OwnId","loc":{"start":{"line":22,"column":0},"end":{"line":22,"column":16}}},{"type":"property","name":"uID","loc":{"start":{"line":23,"column":0},"end":{"line":23,"column":11}}},{"type":"property","name":"isValid","loc":{"start":{"line":24,"column":0},"end":{"line":24,"column":14}}},{"type":"property","name":"isDelete","loc":{"start":{"line":25,"column":0},"end":{"line":25,"column":15}}},{"type":"property","name":"porURL","loc":{"start":{"line":26,"column":0},"end":{"line":26,"column":19}},"decorator":"track"},{"type":"property","name":"currentURL","loc":{"start":{"line":27,"column":0},"end":{"line":27,"column":32}}},{"type":"property","name":"userTitle","loc":{"start":{"line":29,"column":0},"end":{"line":29,"column":20}},"decorator":"track"},{"type":"property","name":"hasAccess","loc":{"start":{"line":30,"column":0},"end":{"line":30,"column":16}}},{"type":"property","name":"infix","loc":{"start":{"line":31,"column":0},"end":{"line":31,"column":9}}},{"type":"property","name":"userProfile","loc":{"start":{"line":32,"column":0},"end":{"line":32,"column":22}},"decorator":"track"},{"type":"property","name":"isError","loc":{"start":{"line":33,"column":0},"end":{"line":33,"column":16}}},{"type":"method","name":"wiredUserInfo","loc":{"start":{"line":34,"column":0},"end":{"line":52,"column":5}},"decorator":"wire"},{"type":"method","name":"wiredUserValid","loc":{"start":{"line":54,"column":0},"end":{"line":66,"column":1}},"decorator":"wire"},{"type":"method","name":"wiredUserDetails","loc":{"start":{"line":67,"column":0},"end":{"line":82,"column":5}},"decorator":"wire"},{"type":"method","name":"handleClick","loc":{"start":{"line":83,"column":0},"end":{"line":226,"column":1}}},{"type":"method","name":"handleClose","loc":{"start":{"line":227,"column":4},"end":{"line":232,"column":5}}}],"exports":[{"type":"ExportDefaultDeclaration"}]},"updatedAt":"2021-06-18T09:04:19.660Z"},{"_allAttributes":null,"_properties":null,"_methods":null,"file":"c:/Users/prakh/Desktop/Work/ACDHS Dev P2/ACDHS Unit P2/force-app/main/default/lwc/spHeader/spHeader.js","metadata":{"decorators":[{"type":"wire","targets":[{"name":"wiredUserDetails","adapter":{"name":"getUserDetails","reference":"@salesforce/apex/SPPortalContainerCntrl.getUserDetails"},"type":"method","static":{},"params":{"userId":"userId"}}]},{"type":"track","targets":[{"name":"loggedInUser","type":"property"}]}],"declarationLoc":{"start":{"line":6,"column":0},"end":{"line":58,"column":1}},"classMembers":[{"type":"property","name":"logo","loc":{"start":{"line":7,"column":4},"end":{"line":7,"column":26}}},{"type":"property","name":"userId","loc":{"start":{"line":8,"column":4},"end":{"line":8,"column":21}}},{"type":"property","name":"loggedInUser","loc":{"start":{"line":9,"column":4},"end":{"line":9,"column":29}},"decorator":"track"},{"type":"property","name":"accName","loc":{"start":{"line":10,"column":4},"end":{"line":10,"column":12}}},{"type":"property","name":"conTitle","loc":{"start":{"line":10,"column":13},"end":{"line":10,"column":22}}},{"type":"property","name":"profileName","loc":{"start":{"line":11,"column":4},"end":{"line":11,"column":16}}},{"type":"method","name":"wiredUserDetails","loc":{"start":{"line":13,"column":4},"end":{"line":48,"column":5}},"decorator":"wire"},{"type":"method","name":"handleLogOut","loc":{"start":{"line":50,"column":4},"end":{"line":53,"column":5}}},{"type":"method","name":"goToHome","loc":{"start":{"line":55,"column":4},"end":{"line":57,"column":5}}}],"exports":[{"type":"ExportDefaultDeclaration"}]},"updatedAt":"2021-06-18T09:04:19.668Z"},{"_allAttributes":null,"_properties":null,"_methods":null,"file":"c:/Users/prakh/Desktop/Work/ACDHS Dev P2/ACDHS Unit P2/force-app/main/default/lwc/assignService/assignService.js","metadata":{"decorators":[{"type":"wire","targets":[{"name":"wiredMembers","adapter":{"name":"getMembers","reference":"@salesforce/apex/AssignServiceController.getMembers"},"type":"method","static":{},"params":{"referralId":"referralId"}}]},{"type":"track","targets":[{"name":"membersList","type":"property"}]}],"declarationLoc":{"start":{"line":37,"column":0},"end":{"line":73,"column":1}},"classMembers":[{"type":"property","name":"referralId","loc":{"start":{"line":38,"column":4},"end":{"line":38,"column":38}}},{"type":"property","name":"membersList","loc":{"start":{"line":39,"column":4},"end":{"line":39,"column":23}},"decorator":"track"},{"type":"property","name":"error","loc":{"start":{"line":40,"column":4},"end":{"line":40,"column":10}}},{"type":"property","name":"columns","loc":{"start":{"line":41,"column":4},"end":{"line":41,"column":21}}},{"type":"method","name":"wiredMembers","loc":{"start":{"line":43,"column":4},"end":{"line":53,"column":5}},"decorator":"wire"},{"type":"method","name":"handleRowAction","loc":{"start":{"line":55,"column":4},"end":{"line":72,"column":5}}}],"exports":[{"type":"ExportDefaultDeclaration"}]},"updatedAt":"2021-06-18T09:04:19.586Z"},{"_allAttributes":null,"_properties":null,"_methods":null,"file":"c:/Users/prakh/Desktop/Work/ACDHS Dev P2/ACDHS Unit P2/force-app/main/default/lwc/externalReferralClient/externalReferralClient.js","metadata":{"decorators":[{"type":"api","targets":[{"type":"property","name":"isModalOpen","value":{"type":"boolean","value":false}},{"type":"property","name":"recordId","value":{"type":"unresolved"}},{"type":"property","name":"actionName","value":{"type":"unresolved"}}]},{"type":"wire","targets":[{"name":"wiredClients","adapter":{"name":"getClientData","reference":"@salesforce/apex/ExternalReferralController.getClient"},"type":"method","static":{},"params":{"intId":"recordId"}},{"name":"wiredUserInfo","adapter":{"name":"getUserInfo","reference":"@salesforce/apex/userDetails.getUserInfo"},"type":"method","static":{},"params":{"uId":"uID"}},{"name":"wiredExRef","adapter":{"name":"getExReData","reference":"@salesforce/apex/ExternalReferralController.getExRef"},"type":"method","static":{},"params":{"intId":"recordId"}}]},{"type":"track","targets":[{"name":"columns","type":"property"},{"name":"exColumns","type":"property"},{"name":"openExReferral","type":"property"},{"name":"error","type":"property"},{"name":"cliList","type":"property"},{"name":"exrefList","type":"property"},{"name":"userProfile","type":"property"},{"name":"isReadOnly","type":"property"}]}],"declarationLoc":{"start":{"line":9,"column":0},"end":{"line":147,"column":1}},"classMembers":[{"type":"property","name":"columns","loc":{"start":{"line":11,"column":4},"end":{"line":37,"column":2}},"decorator":"track"},{"type":"property","name":"exColumns","loc":{"start":{"line":38,"column":0},"end":{"line":55,"column":2}},"decorator":"track"},{"type":"property","name":"openExReferral","loc":{"start":{"line":56,"column":4},"end":{"line":56,"column":32}},"decorator":"track"},{"type":"property","name":"isModalOpen","loc":{"start":{"line":57,"column":4},"end":{"line":57,"column":27}},"decorator":"api","value":{"type":"boolean","value":false}},{"type":"property","name":"recordId","loc":{"start":{"line":58,"column":4},"end":{"line":58,"column":18}},"decorator":"api","value":{"type":"unresolved"}},{"type":"property","name":"actionName","loc":{"start":{"line":59,"column":4},"end":{"line":59,"column":20}},"decorator":"api","value":{"type":"unresolved"}},{"type":"property","name":"error","loc":{"start":{"line":60,"column":4},"end":{"line":60,"column":17}},"decorator":"track"},{"type":"property","name":"cliList","loc":{"start":{"line":61,"column":4},"end":{"line":61,"column":19}},"decorator":"track"},{"type":"property","name":"exrefList","loc":{"start":{"line":62,"column":4},"end":{"line":62,"column":21}},"decorator":"track"},{"type":"property","name":"userProfile","loc":{"start":{"line":63,"column":4},"end":{"line":63,"column":26}},"decorator":"track"},{"type":"property","name":"clientId","loc":{"start":{"line":64,"column":4},"end":{"line":64,"column":16}}},{"type":"property","name":"clientName","loc":{"start":{"line":65,"column":4},"end":{"line":65,"column":18}}},{"type":"property","name":"masterList","loc":{"start":{"line":66,"column":4},"end":{"line":66,"column":18}}},{"type":"property","name":"uID","loc":{"start":{"line":67,"column":4},"end":{"line":67,"column":15}}},{"type":"property","name":"isReadOnly","loc":{"start":{"line":68,"column":4},"end":{"line":68,"column":28}},"decorator":"track"},{"type":"property","name":"pURL","loc":{"start":{"line":69,"column":4},"end":{"line":69,"column":19}}},{"type":"method","name":"wiredClients","loc":{"start":{"line":70,"column":4},"end":{"line":82,"column":5}},"decorator":"wire"},{"type":"method","name":"wiredUserInfo","loc":{"start":{"line":83,"column":4},"end":{"line":99,"column":5}},"decorator":"wire"},{"type":"method","name":"wiredExRef","loc":{"start":{"line":100,"column":4},"end":{"line":119,"column":5}},"decorator":"wire"},{"type":"method","name":"openExternalReferral","loc":{"start":{"line":121,"column":4},"end":{"line":132,"column":5}}},{"type":"method","name":"setShowExternalReferral","loc":{"start":{"line":133,"column":4},"end":{"line":136,"column":5}}},{"type":"method","name":"setCloseExRef","loc":{"start":{"line":137,"column":4},"end":{"line":140,"column":5}}},{"type":"method","name":"handleClose","loc":{"start":{"line":141,"column":4},"end":{"line":146,"column":5}}}],"exports":[{"type":"ExportDefaultDeclaration"}]},"updatedAt":"2021-06-18T09:04:19.491Z"},{"_allAttributes":null,"_properties":null,"_methods":null,"file":"c:/Users/prakh/Desktop/Work/ACDHS Dev P2/ACDHS Unit P2/force-app/main/default/lwc/recordExternalReferral/recordExternalReferral.js","metadata":{"decorators":[{"type":"api","targets":[{"type":"property","name":"isModalOpen","value":{"type":"boolean","value":false}},{"type":"property","name":"clientId","value":{"type":"unresolved"}},{"type":"property","name":"interactionId","value":{"type":"unresolved"}},{"type":"property","name":"clientName","value":{"type":"unresolved"}}]},{"type":"wire","targets":[{"name":"wireRefID","adapter":{"name":"getRefId","reference":"@salesforce/apex/ExternalReferralController.getRefId"},"type":"method","static":{},"params":{"intId":"interactionId"}}]}],"declarationLoc":{"start":{"line":4,"column":0},"end":{"line":78,"column":1}},"classMembers":[{"type":"property","name":"isModalOpen","loc":{"start":{"line":6,"column":4},"end":{"line":6,"column":27}},"decorator":"api","value":{"type":"boolean","value":false}},{"type":"property","name":"clientId","loc":{"start":{"line":7,"column":4},"end":{"line":7,"column":18}},"decorator":"api","value":{"type":"unresolved"}},{"type":"property","name":"interactionId","loc":{"start":{"line":8,"column":4},"end":{"line":8,"column":23}},"decorator":"api","value":{"type":"unresolved"}},{"type":"property","name":"clientName","loc":{"start":{"line":9,"column":4},"end":{"line":9,"column":20}},"decorator":"api","value":{"type":"unresolved"}},{"type":"property","name":"exrefId","loc":{"start":{"line":10,"column":4},"end":{"line":10,"column":12}}},{"type":"property","name":"exrefFields","loc":{"start":{"line":11,"column":4},"end":{"line":11,"column":19}}},{"type":"property","name":"refId","loc":{"start":{"line":12,"column":4},"end":{"line":12,"column":10}}},{"type":"method","name":"wireRefID","loc":{"start":{"line":14,"column":4},"end":{"line":26,"column":5}},"decorator":"wire"},{"type":"method","name":"openModal","loc":{"start":{"line":27,"column":4},"end":{"line":30,"column":5}}},{"type":"method","name":"closeModal","loc":{"start":{"line":31,"column":4},"end":{"line":39,"column":5}}},{"type":"method","name":"handleClear","loc":{"start":{"line":40,"column":4},"end":{"line":45,"column":5}}},{"type":"method","name":"handleSave","loc":{"start":{"line":46,"column":4},"end":{"line":57,"column":5}}},{"type":"method","name":"handleSuccess","loc":{"start":{"line":58,"column":4},"end":{"line":72,"column":5}}},{"type":"method","name":"handleError","loc":{"start":{"line":73,"column":4},"end":{"line":77,"column":5}}}],"exports":[{"type":"ExportDefaultDeclaration"}]},"updatedAt":"2021-06-18T09:04:19.609Z"},{"_allAttributes":null,"_properties":null,"_methods":null,"file":"c:/Users/prakh/Desktop/Work/ACDHS Dev P2/ACDHS Unit P2/force-app/main/default/lwc/reviewServiceSelection/reviewServiceSelection.js","metadata":{"decorators":[{"type":"api","targets":[{"type":"property","name":"recordId","value":{"type":"unresolved"}},{"type":"property","name":"selectedMembers","value":{"type":"unresolved"}},{"type":"property","name":"selectedService","value":{"type":"unresolved"}},{"type":"method","name":"handleSubmit"}]}],"declarationLoc":{"start":{"line":12,"column":0},"end":{"line":105,"column":1}},"classMembers":[{"type":"property","name":"recordId","loc":{"start":{"line":13,"column":4},"end":{"line":13,"column":18}},"decorator":"api","value":{"type":"unresolved"}},{"type":"property","name":"selectedMembers","loc":{"start":{"line":14,"column":4},"end":{"line":14,"column":25}},"decorator":"api","value":{"type":"unresolved"}},{"type":"property","name":"selectedService","loc":{"start":{"line":15,"column":4},"end":{"line":15,"column":25}},"decorator":"api","value":{"type":"unresolved"}},{"type":"property","name":"selectedStartDate","loc":{"start":{"line":16,"column":4},"end":{"line":16,"column":22}}},{"type":"property","name":"columns","loc":{"start":{"line":17,"column":4},"end":{"line":17,"column":22}}},{"type":"property","name":"disableStartDate","loc":{"start":{"line":18,"column":4},"end":{"line":18,"column":29}}},{"type":"property","name":"error","loc":{"start":{"line":19,"column":4},"end":{"line":19,"column":10}}},{"type":"property","name":"invalidStartDate","loc":{"start":{"line":20,"column":4},"end":{"line":20,"column":29}}},{"type":"property","name":"pastStartDate","loc":{"start":{"line":21,"column":4},"end":{"line":21,"column":26}}},{"type":"property","name":"isLoading","loc":{"start":{"line":22,"column":4},"end":{"line":22,"column":22}}},{"type":"method","name":"connectedCallback","loc":{"start":{"line":24,"column":4},"end":{"line":26,"column":5}}},{"type":"method","name":"handleStartDateChange","loc":{"start":{"line":28,"column":4},"end":{"line":59,"column":5}}},{"type":"method","name":"handleSubmit","loc":{"start":{"line":61,"column":4},"end":{"line":104,"column":5}},"decorator":"api"}],"exports":[{"type":"ExportDefaultDeclaration"}]},"updatedAt":"2021-06-18T09:04:19.603Z"},{"_allAttributes":null,"_properties":null,"_methods":null,"file":"c:/Users/prakh/Desktop/Work/ACDHS Dev P2/ACDHS Unit P2/force-app/main/default/lwc/selectMembers/selectMembers.js","metadata":{"decorators":[{"type":"api","targets":[{"type":"property","name":"existingSelection","value":{"type":"unresolved"}},{"type":"property","name":"referralId","value":{"type":"unresolved"}}]},{"type":"wire","targets":[{"name":"wiredMembers","adapter":{"name":"getMembers","reference":"@salesforce/apex/AssignServiceController.getMembers"},"type":"method","static":{},"params":{"referralId":"referralId"}}]},{"type":"track","targets":[{"name":"membersList","type":"property"}]}],"declarationLoc":{"start":{"line":53,"column":0},"end":{"line":136,"column":1}},"classMembers":[{"type":"property","name":"existingSelection","loc":{"start":{"line":54,"column":4},"end":{"line":54,"column":27}},"decorator":"api","value":{"type":"unresolved"}},{"type":"property","name":"referralId","loc":{"start":{"line":55,"column":4},"end":{"line":55,"column":20}},"decorator":"api","value":{"type":"unresolved"}},{"type":"property","name":"membersList","loc":{"start":{"line":56,"column":4},"end":{"line":56,"column":23}},"decorator":"track"},{"type":"property","name":"wiredMembersList","loc":{"start":{"line":57,"column":4},"end":{"line":57,"column":21}}},{"type":"property","name":"error","loc":{"start":{"line":58,"column":4},"end":{"line":58,"column":10}}},{"type":"property","name":"columns","loc":{"start":{"line":59,"column":4},"end":{"line":59,"column":21}}},{"type":"property","name":"isMCI","loc":{"start":{"line":60,"column":4},"end":{"line":60,"column":18}}},{"type":"property","name":"clientIdInQues","loc":{"start":{"line":61,"column":4},"end":{"line":61,"column":19}}},{"type":"method","name":"connectedCallback","loc":{"start":{"line":63,"column":4},"end":{"line":64,"column":5}}},{"type":"method","name":"wiredMembers","loc":{"start":{"line":66,"column":4},"end":{"line":87,"column":5}},"decorator":"wire"},{"type":"method","name":"handleRowAction","loc":{"start":{"line":89,"column":4},"end":{"line":125,"column":5}}},{"type":"method","name":"closeModal","loc":{"start":{"line":127,"column":4},"end":{"line":129,"column":5}}},{"type":"method","name":"handleMCIClose","loc":{"start":{"line":131,"column":4},"end":{"line":135,"column":5}}}],"exports":[{"type":"ExportDefaultDeclaration"}]},"updatedAt":"2021-06-18T09:04:19.614Z"},{"_allAttributes":null,"_properties":null,"_methods":null,"file":"c:/Users/prakh/Desktop/Work/ACDHS Dev P2/ACDHS Unit P2/force-app/main/default/lwc/selectService/selectService.js","metadata":{"decorators":[{"type":"api","targets":[{"type":"property","name":"referralId","value":{"type":"unresolved"}},{"type":"property","name":"existingSelection","value":{"type":"unresolved"}}]},{"type":"wire","targets":[{"name":"wiredServices","adapter":{"name":"getAvailableServices","reference":"@salesforce/apex/AssignServiceController.getAvailableServices"},"type":"method","static":{},"params":{"referralId":"referralId"}}]},{"type":"track","targets":[{"name":"selectedService","type":"property"},{"name":"services","type":"property"}]}],"declarationLoc":{"start":{"line":16,"column":0},"end":{"line":68,"column":1}},"classMembers":[{"type":"property","name":"referralId","loc":{"start":{"line":17,"column":4},"end":{"line":17,"column":20}},"decorator":"api","value":{"type":"unresolved"}},{"type":"property","name":"existingSelection","loc":{"start":{"line":18,"column":4},"end":{"line":18,"column":27}},"decorator":"api","value":{"type":"unresolved"}},{"type":"property","name":"selectedService","loc":{"start":{"line":19,"column":4},"end":{"line":19,"column":31}},"decorator":"track"},{"type":"property","name":"services","loc":{"start":{"line":20,"column":4},"end":{"line":20,"column":20}},"decorator":"track"},{"type":"property","name":"unfilteredData","loc":{"start":{"line":21,"column":4},"end":{"line":21,"column":19}}},{"type":"property","name":"error","loc":{"start":{"line":22,"column":4},"end":{"line":22,"column":10}}},{"type":"property","name":"columns","loc":{"start":{"line":23,"column":4},"end":{"line":23,"column":22}}},{"type":"method","name":"wiredServices","loc":{"start":{"line":25,"column":4},"end":{"line":45,"column":5}},"decorator":"wire"},{"type":"property","name":"isLoading","loc":{"start":{"line":47,"column":4},"end":{"line":49,"column":5}}},{"type":"method","name":"handleSearch","loc":{"start":{"line":51,"column":4},"end":{"line":57,"column":5}}},{"type":"method","name":"handleRowSelection","loc":{"start":{"line":59,"column":4},"end":{"line":65,"column":5}}}],"exports":[{"type":"ExportDefaultDeclaration"}]},"updatedAt":"2021-06-18T09:04:19.569Z"},{"_allAttributes":null,"_properties":null,"_methods":null,"file":"c:/Users/prakh/Desktop/Work/ACDHS Dev P2/ACDHS Unit P2/force-app/main/default/lwc/serviceSelectionContainer/serviceSelectionContainer.js","metadata":{"decorators":[{"type":"api","targets":[{"type":"property","name":"recordId","value":{"type":"unresolved"}}]}],"exports":[{"type":"ExportDefaultDeclaration"}]},"updatedAt":"2021-06-18T09:04:19.664Z"},{"_allAttributes":null,"_properties":null,"_methods":null,"file":"c:/Users/prakh/Desktop/Work/ACDHS Dev P2/ACDHS Unit P2/force-app/main/default/lwc/concreteGoodsClient/concreteGoodsClient.js","metadata":{"decorators":[{"type":"api","targets":[{"type":"property","name":"recordId","value":{"type":"unresolved"}},{"type":"property","name":"objectApiName","value":{"type":"unresolved"}}]},{"type":"wire","targets":[{"name":"wiredClients","adapter":{"name":"getClientData","reference":"@salesforce/apex/ExternalReferralController.getClient"},"type":"method","static":{},"params":{"intId":"recordId","rtName":"interactionRTName"}},{"name":"wiredUserInfo","adapter":{"name":"getUserInfo","reference":"@salesforce/apex/userDetails.getUserInfo"},"type":"method","static":{},"params":{"uId":"uID"}},{"name":"wiredExRef","adapter":{"name":"getConGoods","reference":"@salesforce/apex/ExternalReferralController.getConGoods"},"type":"method","static":{},"params":{"intId":"recordId"}},{"name":"wireRefID","adapter":{"name":"getObjId","reference":"@salesforce/apex/ExternalReferralController.getObjId"},"type":"method","static":{},"params":{"intId":"recordId","rtName":"interactionRTName"}},{"name":"wiredReferralResult","adapter":{"name":"getRecord","reference":"lightning/uiRecordApi"},"type":"method","static":{"fields":{"type":"unresolved","value":"array_expression"}},"params":{"recordId":"referralId"}},{"name":"wiredInteractionRT","adapter":{"name":"getRecord","reference":"lightning/uiRecordApi"},"type":"method","static":{"fields":{"type":"unresolved","value":"array_expression"}},"params":{"recordId":"recordId"}}]},{"type":"track","targets":[{"name":"showConGoods","type":"property"},{"name":"isModalOpen","type":"property"},{"name":"cliList","type":"property"},{"name":"conGoodsList","type":"property"},{"name":"interactionRTName","type":"property"},{"name":"userProfile","type":"property"},{"name":"objId","type":"property"},{"name":"cliColumns","type":"property"},{"name":"cgColumns","type":"property"}]}],"declarationLoc":{"start":{"line":15,"column":0},"end":{"line":231,"column":1}},"classMembers":[{"type":"property","name":"showConGoods","loc":{"start":{"line":17,"column":4},"end":{"line":17,"column":30}},"decorator":"track"},{"type":"property","name":"isModalOpen","loc":{"start":{"line":18,"column":4},"end":{"line":18,"column":29}},"decorator":"track"},{"type":"property","name":"recordId","loc":{"start":{"line":19,"column":4},"end":{"line":19,"column":18}},"decorator":"api","value":{"type":"unresolved"}},{"type":"property","name":"objectApiName","loc":{"start":{"line":20,"column":4},"end":{"line":20,"column":23}},"decorator":"api","value":{"type":"unresolved"}},{"type":"property","name":"cliList","loc":{"start":{"line":21,"column":4},"end":{"line":21,"column":19}},"decorator":"track"},{"type":"property","name":"conGoodsList","loc":{"start":{"line":22,"column":4},"end":{"line":22,"column":24}},"decorator":"track"},{"type":"property","name":"recInfoName","loc":{"start":{"line":23,"column":4},"end":{"line":23,"column":16}}},{"type":"property","name":"interactionRTName","loc":{"start":{"line":24,"column":4},"end":{"line":24,"column":29}},"decorator":"track"},{"type":"property","name":"userProfile","loc":{"start":{"line":25,"column":4},"end":{"line":25,"column":26}},"decorator":"track"},{"type":"property","name":"clientId","loc":{"start":{"line":26,"column":4},"end":{"line":26,"column":16}}},{"type":"property","name":"clientName","loc":{"start":{"line":27,"column":4},"end":{"line":27,"column":18}}},{"type":"property","name":"recinfos","loc":{"start":{"line":28,"column":4},"end":{"line":28,"column":13}}},{"type":"property","name":"objId","loc":{"start":{"line":29,"column":4},"end":{"line":29,"column":20}},"decorator":"track"},{"type":"property","name":"refStatus","loc":{"start":{"line":30,"column":4},"end":{"line":30,"column":17}}},{"type":"property","name":"masterList","loc":{"start":{"line":31,"column":4},"end":{"line":31,"column":18}}},{"type":"property","name":"uID","loc":{"start":{"line":32,"column":4},"end":{"line":32,"column":15}}},{"type":"property","name":"pURL","loc":{"start":{"line":33,"column":4},"end":{"line":33,"column":19}}},{"type":"property","name":"error","loc":{"start":{"line":34,"column":4},"end":{"line":34,"column":10}}},{"type":"property","name":"cliColumns","loc":{"start":{"line":36,"column":4},"end":{"line":62,"column":6}},"decorator":"track"},{"type":"property","name":"cgColumns","loc":{"start":{"line":63,"column":4},"end":{"line":84,"column":6}},"decorator":"track"},{"type":"method","name":"wiredClients","loc":{"start":{"line":86,"column":4},"end":{"line":97,"column":5}},"decorator":"wire"},{"type":"method","name":"wiredUserInfo","loc":{"start":{"line":98,"column":4},"end":{"line":114,"column":5}},"decorator":"wire"},{"type":"method","name":"wiredExRef","loc":{"start":{"line":115,"column":4},"end":{"line":134,"column":9}},"decorator":"wire"},{"type":"method","name":"wireRefID","loc":{"start":{"line":135,"column":4},"end":{"line":147,"column":9}},"decorator":"wire"},{"type":"method","name":"wiredReferralResult","loc":{"start":{"line":148,"column":4},"end":{"line":171,"column":9}},"decorator":"wire"},{"type":"method","name":"wiredInteractionRT","loc":{"start":{"line":172,"column":5},"end":{"line":184,"column":9}},"decorator":"wire"},{"type":"method","name":"openConcreteGoods","loc":{"start":{"line":206,"column":4},"end":{"line":216,"column":5}}},{"type":"method","name":"setShowConcreteGoods","loc":{"start":{"line":217,"column":4},"end":{"line":220,"column":5}}},{"type":"method","name":"setCloseConGoods","loc":{"start":{"line":221,"column":4},"end":{"line":224,"column":5}}},{"type":"method","name":"handleClose","loc":{"start":{"line":225,"column":4},"end":{"line":230,"column":5}}}],"exports":[{"type":"ExportDefaultDeclaration"}]},"updatedAt":"2021-06-18T09:04:19.574Z"},{"_allAttributes":null,"_properties":null,"_methods":null,"file":"c:/Users/prakh/Desktop/Work/ACDHS Dev P2/ACDHS Unit P2/force-app/main/default/lwc/recordConcreteGoods/recordConcreteGoods.js","metadata":{"decorators":[{"type":"api","targets":[{"type":"property","name":"isModalOpen","value":{"type":"boolean","value":false}},{"type":"property","name":"clientId","value":{"type":"unresolved"}},{"type":"property","name":"interactionId","value":{"type":"unresolved"}},{"type":"property","name":"clientName","value":{"type":"unresolved"}},{"type":"property","name":"recRtName","value":{"type":"unresolved"}},{"type":"property","name":"objRecordId","value":{"type":"unresolved"}}]},{"type":"wire","targets":[{"name":"wiredObjectData","adapter":{"name":"getObjectInfo","reference":"lightning/uiObjectInfoApi"},"type":"method","static":{"objectApiName":{"value":"@salesforce/schema/Concrete_Goods__c","type":"module"}},"params":{}}]},{"type":"track","targets":[{"name":"selectedRTId","type":"property"}]}],"declarationLoc":{"start":{"line":5,"column":0},"end":{"line":91,"column":1}},"classMembers":[{"type":"property","name":"isModalOpen","loc":{"start":{"line":7,"column":4},"end":{"line":7,"column":27}},"decorator":"api","value":{"type":"boolean","value":false}},{"type":"property","name":"clientId","loc":{"start":{"line":8,"column":4},"end":{"line":8,"column":18}},"decorator":"api","value":{"type":"unresolved"}},{"type":"property","name":"interactionId","loc":{"start":{"line":9,"column":4},"end":{"line":9,"column":23}},"decorator":"api","value":{"type":"unresolved"}},{"type":"property","name":"clientName","loc":{"start":{"line":10,"column":4},"end":{"line":10,"column":20}},"decorator":"api","value":{"type":"unresolved"}},{"type":"property","name":"recRtName","loc":{"start":{"line":11,"column":4},"end":{"line":11,"column":19}},"decorator":"api","value":{"type":"unresolved"}},{"type":"property","name":"allRTInfo","loc":{"start":{"line":12,"column":4},"end":{"line":12,"column":17}}},{"type":"property","name":"selectedRTId","loc":{"start":{"line":13,"column":4},"end":{"line":13,"column":29}},"decorator":"track"},{"type":"property","name":"conGoodsId","loc":{"start":{"line":14,"column":4},"end":{"line":14,"column":15}}},{"type":"property","name":"conGoodsFields","loc":{"start":{"line":15,"column":4},"end":{"line":15,"column":22}}},{"type":"property","name":"objRecordId","loc":{"start":{"line":16,"column":4},"end":{"line":16,"column":21}},"decorator":"api","value":{"type":"unresolved"}},{"type":"method","name":"wiredObjectData","loc":{"start":{"line":17,"column":4},"end":{"line":29,"column":5}},"decorator":"wire"},{"type":"method","name":"openModal","loc":{"start":{"line":30,"column":4},"end":{"line":34,"column":5}}},{"type":"method","name":"closeModal","loc":{"start":{"line":35,"column":4},"end":{"line":43,"column":5}}},{"type":"method","name":"handleClear","loc":{"start":{"line":44,"column":4},"end":{"line":49,"column":5}}},{"type":"method","name":"handleSave","loc":{"start":{"line":50,"column":4},"end":{"line":68,"column":5}}},{"type":"method","name":"handleSuccess","loc":{"start":{"line":69,"column":4},"end":{"line":84,"column":5}}},{"type":"method","name":"handleError","loc":{"start":{"line":85,"column":4},"end":{"line":90,"column":5}}}],"exports":[{"type":"ExportDefaultDeclaration"}]},"updatedAt":"2021-06-18T09:04:19.593Z"}]