<?xml version="1.0" encoding="UTF-8"?>
<AuthProvider xmlns="http://soap.sforce.com/2006/04/metadata">
    <authorizeUrl>https://alleghenycounty-demo.oktapreview.com/oauth2/ausn4n76zqvelHaPb0h7/v1/authorize</authorizeUrl>
    <consumerKey>0oaz0vgc2p0EtAaRA0h7</consumerKey>
    <consumerSecret>WsDibJEa9ARKMva3pOEcMJ0ZrXmJg9xz06EW8RalBeH6IsixBoidj3BBGPdiC2rX</consumerSecret>
    <friendlyName>MCIUAT</friendlyName>
    <includeOrgIdInIdentifier>false</includeOrgIdInIdentifier>
    <providerType>OpenIdConnect</providerType>
    <sendAccessTokenInHeader>true</sendAccessTokenInHeader>
    <sendClientCredentialsInHeader>true</sendClientCredentialsInHeader>
    <sendSecretInApis>true</sendSecretInApis>
    <tokenUrl>https://alleghenycounty-demo.oktapreview.com/oauth2/ausn4n76zqvelHaPb0h7/v1/token</tokenUrl>
    <userInfoUrl>https://alleghenycounty-demo.oktapreview.com/oauth2/ausn4n76zqvelHaPb0h7/v1/userinfo</userInfoUrl>
</AuthProvider>
