<?xml version="1.0" encoding="UTF-8"?>
<FlexiPage xmlns="http://soap.sforce.com/2006/04/metadata">
    <flexiPageRegions>
        <componentInstances>
            <componentName>runtime_sales_activities:todayTaskContainer</componentName>
        </componentInstances>
        <componentInstances>
            <componentInstanceProperties>
                <name>entityNames</name>
                <value>[&quot;Contact&quot;]</value>
            </componentInstanceProperties>
            <componentInstanceProperties>
                <name>label</name>
                <value>Recent Contacts</value>
            </componentInstanceProperties>
            <componentInstanceProperties>
                <name>maxRecords</name>
                <value>5</value>
            </componentInstanceProperties>
            <componentName>flexipage:recentItems</componentName>
        </componentInstances>
        <name>bottomLeft</name>
        <type>Region</type>
    </flexiPageRegions>
    <flexiPageRegions>
        <componentInstances>
            <componentName>home:eventContainer</componentName>
        </componentInstances>
        <componentInstances>
            <componentInstanceProperties>
                <name>enableInlineEdit</name>
                <value>true</value>
            </componentInstanceProperties>
            <componentInstanceProperties>
                <name>entityName</name>
                <value>Account</value>
            </componentInstanceProperties>
            <componentInstanceProperties>
                <name>filterName</name>
                <value>MyAccounts</value>
            </componentInstanceProperties>
            <componentInstanceProperties>
                <name>hideActionBar</name>
                <value>false</value>
            </componentInstanceProperties>
            <componentInstanceProperties>
                <name>hideSearchBar</name>
                <value>false</value>
            </componentInstanceProperties>
            <componentInstanceProperties>
                <name>pageSize</name>
                <value>10</value>
            </componentInstanceProperties>
            <componentName>flexipage:filterListCard</componentName>
        </componentInstances>
        <name>bottomRight</name>
        <type>Region</type>
    </flexiPageRegions>
    <flexiPageRegions>
        <componentInstances>
            <componentName>home:heroChart</componentName>
        </componentInstances>
        <name>top</name>
        <type>Region</type>
    </flexiPageRegions>
    <flexiPageRegions>
        <componentInstances>
            <componentName>home:assistant</componentName>
        </componentInstances>
        <name>sidebar</name>
        <type>Region</type>
    </flexiPageRegions>
    <masterLabel>Getting Started Home</masterLabel>
    <template>
        <name>home:desktopTemplate</name>
    </template>
    <type>HomePage</type>
</FlexiPage>
