<?xml version="1.0" encoding="UTF-8"?>
<LightningComponentBundle xmlns="http://soap.sforce.com/2006/04/metadata">
    <apiVersion>51.0</apiVersion>
    <isExposed>false</isExposed>
    <!--<targetConfigs>
        <targetConfig targets="lightningCommunity__Default">
            <property
            name="objectApiName"
            type="String"
            label="Object Name"
            description="Automatically bind the page's object name to the component variable"default="{!objectApiName}" /></targetConfig>
    </targetConfigs>--></LightningComponentBundle>